7126237088432997160,可以送人啊,1,15,1,2022-07-31 02:45:43,来自上海,105292848710,62年的大老虎
7126171057585259295,这是为国家做贡献，国家包养也可以，比那些诈骗国家大量钱的人强多了。如恒大等,3,285,3,2022-07-30 22:24:41,来自四川,108986757072,离离原上草D
7125689188611490563,谁希望把不幸福，延续到自己的孩子身上！,190,3297,37,2022-07-29 15:15:14,来自河北,17593720291,灋臧辵噵
7126037708727927587,得意时阳关灿烂，失意时雨中奔跑。谁不想给孩子最好的一切，什么叫“养不起”。只是生活条件会有所改变而已，人们也不要用自己的认知去衡量别人的思维方式。东北人大多独生子，而淮河一带及以南地区，大都生好几个，现在的贫富差距还差在几个孩子吗？自己的孩子自己养，不要和别人攀比，别人也有不敢比的人，人比人得活着！货比货得留着！那句话真好：撑过苦难的人就是人生赢家！,51,150,23,2022-07-30 13:46:40,来自黑龙江,1877580338962195,博爱诗书
7125705445092066051,怎样算养的起？文中月入五千的父亲自己说四个孩子撑不住了，这就是养不起。,218,2843,18,2022-07-29 16:18:12,来自广东,54206661496,小小明和小明
7125954731067228943,养不起还真别生，生孩子或生几个孩子一定得考虑自己的实际情况，且不说让孩子跟着自己能享多大的福，但一定得有给孩子受教育的能力，否则就少生或别生，因为既然你带给了孩子生命，就得为孩子未来的生活考虑，不说能给孩子荣华富贵，最起码得有教给孩子自己生存的能力，做父母不只是能给孩子一口饭就算养大，而是得让孩子得到最基本受教育的权利。,98,3574,19,2022-07-30 08:24:53,来自河北,487823502750855,雀之灵品味人生
7126129503751013123,这不是冷漠的指责，是赤裸裸的现实，孩子没有选择父母的权利，但是父母却有生与不生的权利，如果换位一下孩子有选择父母的权利有多少人愿意选择出生在现在的家庭？我认为生孩子至少要满足三个条件，首先你是发自内心的喜欢孩子而不是为了什么传宗接代养儿防老到年龄该生了之类的，然后你要有教育好孩子的能力和责任心，最后你还要有养孩子的经济能力。如果少了其中一样生孩子只能是害了自己苦了孩子。,2,209,2,2022-07-30 19:43:15,来自内蒙古,3692043846,王剪刀
7126039995462648611,提倡优生 多生是为难自己也难为孩子 生活不易 孩子虽然是希望 但是摸黑生存 哪里有光照进心里,0,12,1,2022-07-30 13:55:37,来自广东,106641789621,心之所向皆美好的girl
7125746318043579168,我就是穷人！靠打工养大女儿，现读研究生，可她很忧郁，对父母很冷漠，因为残酷的事实是：她周围的同学大多数父母都有能力帮助买房，而我靠打工是无能为力的！所以她后悔投胎到我们这种穷家庭！我们也内心有愧！！！,40,183,2,2022-07-29 18:57:05,来自贵州,1209097310185704,维权很难
7126053547115938590,无论是生孩子还是其他的事情，都是要量力而行的呀，能养起一个就生一个，养得起两个就生两个，那工资5000多的确不高，养四个孩子那肯定是压力很大呀。,1,62,0,2022-07-30 14:48:25,来自山西,3689553921838398,往事如烟一路向前看
7125708935285621539,如果是一个我不会说这话，四个，是四个！真的是养不起就别生！对生活没有一点规划，哭天抹泪要死要活这种状态怎么可能给孩子一个好的环境！可还要生，这就是对自己对家人的不负责任[打脸],29,1928,4,2022-07-29 16:30:58,来自新疆,53119474379,_妮妮140814096
7126160211907724036,"没觉得“养不起就别生”这句话有什么问题。成年人应该为自己的行为负责，难道他的4个孩子是一次性生出来的吗？自己有多大的能力自己心里没点数吗？生了孩子却不能给他们提供合适的生长环境，本身就是一种极其不负责任的行为。
每次看到这种假惺惺的卖惨，就会忍不住想起《何以为家》里边那群被迫接受悲惨人生的无辜小孩。",4,146,2,2022-07-30 21:42:28,来自广东,2313001076553774,荻尘
7125718029027541793,的的确确要计划生育。不然只生没有钱养怎么办？孩子来了，你再说养不起。这显然是计划不周。,1,60,0,2022-07-29 17:07:16,来自吉林,11593280231,丝雨如尘1
7125967117136167688,“养不起就别生”不是冷漠指责而是为人父母最起码的底线，孩子没有选择父母的权利，但父母至少要保障孩子最起码的生存环境。生的时候不计后果，养不了了就一哭二闹妄图把自己责任转嫁给社会，这种人我们凭什么为他们买单？,24,1196,7,2022-07-30 09:13:19,来自江苏,2365741717533272,悠闲02468
7125706649360171809,养不起，就别生，这句话沒错误！干什么，都要量力而行，明明经济困难，还要养一大窩，自讨苦吃，怨不着别人！,2,486,2,2022-07-29 16:22:44,来自山东,56828882389,老来禾
7126012574761665321,"这篇评论高高在上，道德绑架。
“养不起就别生”没有问题。
这不是冷漠，是负责任。
如果是苦难，那也是自找的。
这不仅是说他人，也是在说自己。
一旦制造了生命就不能不负责任。
所有人都一样，养不起就别生那么多。",10,375,3,2022-07-30 12:09:16,来自浙江,1327799341423535,世界和平国泰民安
7125740789942256424,我赞成“养不起就别生”，生孩子前不应该考虑清楚下自己的条件，生那么多，生活条件跟不上，教育条件跟不上，自己活得拉垮还带上孩子，这种人真的不值得同情，唯一同情的是孩子，没有任何选择权利硬生生带到这个世界经受苦难的[祈祷],9,746,3,2022-07-29 18:34:27,来自四川,3165623718,艺术疯癫
7126035570241176358,自己的错误为啥子要别人来帮你承担？,9,228,1,2022-07-30 13:39:08,来自四川,104177252431,蜀蓉之光
7125970995529335583,养不起就别生不是什么冷漠，而是真真实实的肺腑之言。不能说那位民警的话有啥不妥，但也只能是望梅止渴。不轻生了，回头面对的仍然是一大家子的柴米油盐。愁让发还得发，看得到头吗？添了好话，讲了一堆人生大道理，能解决-毛钱的问题吗？苦还得自己受，愁还得继续发。所以全凭自己走出来。既然已生了那么多孩子，就要担当起责任。想方设法把孩子养大，把生活继续下去。总会有雨过天晴的一天。,23,1549,7,2022-07-30 09:28:18,来自河北,50428258384,云淡风轻142650169
7125721655271785216,文章的意思我理解为：养不起可以随便生，众筹让大家帮忙养就好了。这个男的什么学历?五千的工资在普通人来说不算低了，归根结底就是生的多。除了工地搬砖，做装修，还有什么工作能超过五千而且不要学历?正经大学生没钱的情况下谁会生四个?,19,429,3,2022-07-29 17:20:22,来自广西,87241116818,零基础学画画
7125956791074161423,养不起就是不要生，我就没生，因为养不起，每年保险两万，没有工作，身体不好没有上班，加上父母久病缠身需要照顾，老公收入六万，还要照顾双方父母，一年下来根本没有富裕，每个人根据自己的情况定，谁不想儿孙满堂，都是无奈，既然不允许，生下那么多已经是超负荷了，同时压倒了自己最后一根心里线，,4,68,1,2022-07-30 08:32:40,来自山西,110965323614,不想坚强的girl
7125716014465041156,我赞成“养不起就别生”这个看法，因为它看起来是冷漠的，但是它又何尝不是一种负责任的表现呢？！退一步说，如果一个家庭月入五千块钱，养一家三口还是可以的。但是用五千块钱养四个孩子加两个大人，我真心觉得这是一种很不负责任的做法。因为这些钱可能只够一家六口人衣食住行的开支，如果有点意外支出呢，怎么办？,22,1777,6,2022-07-29 16:58:56,来自广西,6671315156,叶非叶花非花503
7126039733704491784,我本人一线城市，有房贷有车，父母不但不用我帮助，还可以贴补我，老公和我收入属于中等，但是也就一个孩子，两个都真心养不起，。文中的父亲，如果就一个孩子培养不好么？为什么要二胎？我已小人之心度君子之腹，我觉得他老大是女儿！,8,109,3,2022-07-30 13:55:05,来自河北,56195399472,冰雪紫情
7125956934746145551,养不起就别生，我非常赞同这样的观点。生容易，养太难了，你生下他就要为他负责。要把他培养成为一个人格健全的人和对社会有用的人确实太不容易了。你没有能力教育好他，没有能力给他提供成长的最基本的生活环境，让他没有条件接受良好的教育，把他带到人世间受苦受难，及给自己带来不幸。还是不要生为好！,0,348,1,2022-07-30 08:33:24,来自陕西,1613681505087532,朴实明镜
7126022040569791267,养不起就别生那么多，这话没有毛病呀，我只生了一个养着都费劲，所以不敢再生了，如果我明知道自己养不了太多孩子，还非要生一堆，生完了还要要死要活的，我家里亲戚朋友肯定给我翻白眼说我神经病，不会有人管我的，有句话说得好量力而行,16,417,3,2022-07-30 12:45:48,来自山东,1179154181796047,奇妙小红花Ol
7125786846806246156,"“养不起就别生”不是冷漠指责！每个人到16周岁后，都必须为自己的所作所为负责，这是人最基本的底线。
那么生育后该负起的责任，更是做人的底线。
若每个人都不负责任的生育，你有多少能力去帮助那些不负责任的人“撑过苦难”？！",15,925,6,2022-07-29 21:33:45,来自北京,55661617469,无限鑫嵘
7126059573718844160,说个身边人的事，老公的亲侄子，从小爸爸去世，妈妈改嫁去了外地，侄子跟着奶奶和我们一起长大！今年34岁，无固定工作，爱好赌博，媳妇没有工作，他岳父去世了，岳母好赌不管家。去年他们生了个儿子，他们一家三口所有开销都是我婆婆一人支出（我公爹去世4年了）。两夫妻到现在卡里都没钱！我就想说，自己都养不活为啥还要孩子！！！！,17,34,1,2022-07-30 15:11:43,来自湖北,79326230963,黑木崖609
7125958844219900711,该男子生四个孩子是他自己的选择，没人强迫他生这么多，既然是他自己的选择，那这养不起的后果也理应由他自己承担，而不是自己只管生却不管养，按照红星新闻的逻辑：成年人自己选择的后果不应该自己承担？而由大众来帮他买单？这是个什么逻辑？,33,1513,7,2022-07-30 08:41:53,来自重庆,68394797617,寒江雪2230558
7126037052818998057,"养不起就别生，这不是冷漠和指责，是理性。
我们八线小城体制内，只有一个孩子，跟一出租司机聊天说到孩子，司机恨铁不成钢的建议我像他一样生两个，生了送回老家，至于孩子的教育，司机说看他们自己的奔头了，我说生孩子就要自己教育，师傅说我是没办法 老婆跑了
听了他的固执与不负责任的做法，我明白了他的无奈，也明白了他老婆为啥跑了",14,255,4,2022-07-30 13:44:19,来自甘肃,2700015723356748,沐云3344
7125703931388396321,养不起当然别生，不然不是把自己坑了，就是别人买单了……看看自己赚多少，量力而行不对吗？,5,526,1,2022-07-29 16:12:17,来自北京,751678664749755,bifidus
7125711356438856460,刺耳？那就是真话呀。难道要让别人来负责自己生的？还是想靠孩子改变自己的命运？,9,603,2,2022-07-29 16:40:50,来自上海,53214161673,风信子32971
7125952245652964096,与其冷漠无视无情的指责，不如以实际行动证明践行助人撑过苦难，才是治标治本,49,32,37,2022-07-30 08:15:23,来自甘肃,8279354207,星光璀灿
7125712370525504297,确实是养不起就别生啊，自己快乐了，最后让娃买单，这叫不负责任[撇嘴],0,108,0,2022-07-29 16:44:18,来自天津,3955313662,2b月半儿
7126030752244450087,自己没有能力养活孩子，孩子生病各种没有能力去治，最后需要国家或者大家资助，我认为没有能力就别生那么多，这句话就没有毛病，毕竟因病致穷和越生越穷是两码事，生一个给好的教育优生优育不好吗？还要绑架人家帮你养娃？,0,14,0,2022-07-30 13:20:40,来自海南,3628037566640935,阿耶马波罗
7125725966991098636,这篇评论论点错误……没有人会认为养不起就不要生孩子，大家说的是养不起就不要生4个孩子，这与贫穷剥夺生育权无关，是对生育行为负责。,6,705,4,2022-07-29 17:37:59,,59227967403,双十一不做剁手族
7126033084663366400,授之以鱼，不如授之以渔。这道理谁都懂吧？自己敢生，就要勇于承担责任吧？让他人帮他解决？凭什么？成年人是要有责任心和担当的，不是吗？养不起就要少生优生，谁也挡不住你生孩子，但是，勇于生就要勇于养，哭？是一个成年男人解决问题的办法吗？,0,16,0,2022-07-30 13:28:52,来自山东,52196780258,雨停了153176306
7125979113777251072,我和我老公都工作，只有一个女儿我都觉得压力山大，没有公婆的助力，一切都是靠自己偶尔靠一下娘家，哎，很累，可能有人觉得我矫情了就一个孩子有什么可累的，可是我就真的很怕没有经济来源，特别是现在疫情之下，还有各种经济衰退的新闻，真怕哪天自己就找不到工作了[泣不成声][泣不成声][泣不成声][泣不成声][泣不成声][泣不成声],0,11,0,2022-07-30 09:59:00,来自广东,96658188450,萱萱宝贝爱你。💋
7126200630183822116,以前为什么一家能养活很多孩子，现在为啥养不活！,2,115,0,2022-07-31 00:21:25,来自广东,7814122052,Jason胡2
7125737340311487235,养不起就别生，看似冷漠，其实这句话是最负责任的一句话。生养孩子并不是做父母的，一时心血来潮，孩子的出生就意味着财力物力精力，还有做父母的责任。要孩子之前要想一想能不能给孩子良好的教育，能不能让他身心健康的成长。而不是自己不管不顾的只管生。,14,931,5,2022-07-29 18:21:45,来自北京,64468062709,聪明的蜻蜓妞儿
7126033701813109545,我觉的这不是个简单的问题，也不是只是养不起就不多生的问题，还有另一种可能，重男轻女的思想导致生了4个孩子，非要生个男孩，一直生了4个，导致今天的生活不能量力而行的局面，我认为并不是明明白白有规划的生下4个孩子。造成现在的生活困境。,0,15,0,2022-07-30 13:31:16,来自甘肃,2608487489605661,真真爱学
7126036015596897063,话糙理不糙，养不起就别生是没错的。但这不是符合那啥的主流观点，哈哈哈！生育率本来就降的没眼看了，而且全国觉得自己能轻松养得起娃的才占比多少，自觉养的起还得愿意去结婚生娃的能有多少，愿意结婚生娃还能顺利做到的能有多少。再这么下去，20-50年以后，会变成啥样。我绝对赞成养不起就别生的观念，但这篇文章的主流旋律没毛病,7,144,3,2022-07-30 13:40:52,来自广东,3219789733214956,铛铛0306
7125782504271414057,我觉得就是啊，5000块钱四个孩子，真是养不起。别人怎么帮？不愿意多生就是为了自己压力小一点，条件好的多生点反正我没有意见，自己不愿意生肯定不能拦着别人生啊，国家提倡多胎，那就愿意生的多生点，不愿意生的少生点，各取所需挺好的。但是生了就自己养，没毛病啊？这不是冷漠，是现实中自己也难过，感觉肯定是少生好点，孩子也少跟着受罪。,4,244,2,2022-07-29 21:16:15,来自浙江,108790769978,心也可以清
7125956873370878750,其实养不起就别生，不是什么冷漠的？无情的指责，而是根据自己的实际情况，可以，少生几个，这样的话，自己也少受罪，而且孩子们的生活状况也会有所提高，我们穷人也可以生孩子，但是呢，我们必须有计划的生育，如果在我们的小县城，5000块钱的工资在当地就算不错了，养两个孩子，三个孩子也还是可以的，其实想一想，虽然现在孩子小，但是你付出的确很多，很累很苦，但是十几年之后，当孩子长大，自己能力的时候，也是你幸福的开始啊！每一个人都有生育的权利，每一个人都有对生活追求的选择，不是谁剥夺谁？应该是你怎样生让自己的下一代会更好，就是这样,45,1013,4,2022-07-30 08:33:46,来自河南,14951995981,爱在岁月中
7126010663276757800,个人觉得，养不起就别生是一种做人基本的责任感，起码是对自己所生孩子的责任感。就像以前国家提倡优生优育，你连养孩子都养不起，那生出来怎么办？孩子能获得好的教育，好的成长吗？听起来养不起就别生，好像很刺耳，实际上就是忠言呀！,55,605,4,2022-07-30 12:01:39,来自广东,104595616668,Zby11111
7125717276258501379,我生活在三线城市，夫妻俩+一套房的租金每月15000，就一个儿子，没敢动过二胎的念头，5000的收入你敢生四个，早知今日何必当初，不过不要气馁，你四个孩子长大后也许很有出息很孝顺,6,75,1,2022-07-29 17:03:53,来自山东,50690682281,柳絮飘飘33
7125948906546594590,真心建议，养不起，还是不能生，苦了自已无所谓，苦了孩子才心酸。五千元，养四个孩子，别说上学，就正常一日三餐，家里水电，这个物价，我觉得也不一定够。#红星新闻# 你们行行好，每月补贴一点给他，而不是在这里说这种观点。,16,658,5,2022-07-30 08:02:24,来自安徽,3087068044477271,shunwizir
7125722992730374926,作者应该帮他把孩子养大，人家说养不起，就不要生那么多孩子有错吗？生孩子也要量力而行的,9,672,4,2022-07-29 17:25:54,来自广东,71697008651,如梦230048030
7126029049935758092,养不起就别生或者少生，这句话绝对没错，你在这里讲什么生育权，那人家小孩子有没有选择权，必须理性的面对优生优育，哪个小孩子愿意一出生就面对家里那么多兄弟姐妹，生活困苦，他们没有选择啊！所以作为成年人为人父母必须理性对待，不要让大人小孩整个家庭都陷入压力无比大的困顿环境中，毫无幸福快乐可言！,4,72,2,2022-07-30 13:14:00,来自重庆,110425350897,CoCoangel
7125708085968372483,养不起当然不生了。难道指望别人救助？？,6,510,1,2022-07-29 16:28:34,来自黑龙江,110725007480,轻风一掠
7125987389977559822,大约二十年前，有个小学同学（女同学，没上初中）很早就结婚，家里穷得锅儿只有半边，但娃生了3个，不怕超生小分队，因为要钱没钱，要家具没家具。娃儿小学读完就出去打工，女儿十几岁打工时被骗到大山当媳妇，现在儿子在外面过年回家的路费都没有，同学还是住在以前的烂房子里，我们只能一声叹息！,16,118,3,2022-07-30 10:31:04,来自重庆,67071222457,缤纷叶子ce
7125817029231624990,这句话本身的意思应该并不是要指责谁，也并没有要剥夺谁的生育权，每个人愿不愿意生，生几个本来是自己的事，但就个人观点而言，父母生孩子本就是出自个人意愿，孩子并没有选择权，既然你要把一个生命带到这个世界上，最起码也要确保他在这个世界上活的不要太艰难吧，如果你连让自己活的很好的底气都没有，还要再私自带一个生命为你的生活雪上加霜，这不就是对自己和孩子都不负责任吗,14,538,4,2022-07-29 23:31:25,来自新疆,2743989411261358,鱼莫默然
7125756670856708868,说养不起就不要生，是理智不是冷漠，越是生活环境一般的都多生，越是受教育程度高的，越不愿意生，生育成本太大，自己养活自己都好心累，哪有精力过剩养活妻儿老小呢？房子，车子，养孩子的成本越来越高，谁又希望背着贷款过上大半生在加上孩子和你一起抗战呢？,2,334,3,2022-07-29 19:36:57,来自山东,2282209753432907,朴实熊猫Q1
7125949094580781858,作为成年人应该知道养育孩子是需要金钱和精力的，即然明知自己能力有限还要生4个孩子，那就要咬牙挺着不叫苦，如今的要死要活难免让人不理解！啥叫冷漠？难道让别人帮忙养就不冷漠了？,3,151,1,2022-07-30 08:02:32,来自北京,104933772970,人面桃花9H1M
7126006120095318823,如果面对这种的不幸遭遇，而让多一些推已及人的关心和鼓励。就是助纣为虐。为什么这种明知会养不起，却还要生4个孩子的人，却要我们同情他呢？？？如果全社会都不分缘由的同情别人的不幸遭遇，那将会变成什么样子？？？我个人观点，同情他人的不幸遭遇，也要看缘由，有些是自作自受，为什么生4个？？？,2,323,3,2022-07-30 11:44:59,来自湖南,59787990484,井蛙不可语说海
7125977526996140814,生孩子是一种责任，对自己和对孩子负责，有些人明明两个人都有遗传病或者身体残疾不能自理，还生了一个又一个，一个孩子不健全，还要继续生，想要一个健康的孩子。生了几个女儿想儿子，也是不停的生，可怜之人必有可恨之处，这话没毛病。很多明明家里很贫困又懒，他们本身生很多就没有考虑过未来的生活质量，他们想着的是多生几个孩子，将来多几个人早点打工赚钱帮着养家。,0,32,0,2022-07-30 09:52:45,来自广东,69122537636,小榄豆
7125817013381071656,没觉得网友说错什么，经济条件不允许养那么多孩子，本来就不该生，难道这话有错吗？同时，养不起别生，也不意味着养得起就随便生，生孩子不仅需要有经济基础作为保障，还需要教育和陪伴。养得起，也要谨慎生，那么反过来说，养不起就别生，有错吗？,1,62,1,2022-07-29 23:30:37,来自河北,3346556505036099,卧狄花月如霜
7125725908929577769,我父母都是农民，生了三个，从小到大听得最多的就是“养你们三个多么多么不易、多么辛苦”。学校组织看电影，父母给了一块钱，叫我和弟弟妹妹分享用，我们仨把这一块钱花完了，回家父母骂了我好几天（那时快2000年了，一块钱其实也不多，平时一分钱零花钱都没有）。听多了可能有逆反心理吧，导致我从小非常讨厌小孩，更讨厌听到别人生了两个以上又抱怨养孩子辛苦的，我现在只生一个，谁劝我二胎都不好使,79,616,4,2022-07-29 17:36:59,来自广东,92470077115,你说我取什么名
7125709353038398223,指望谁相助？生养生养，生了就得养，都是父母的职责所在，别硬往外推,3,405,2,2022-07-29 16:32:43,来自安徽,3214625409083035,白羊座大可爱
7125711950872757026,如果是一个孩子，我觉得大部分人不会说养不起别生，关键是四个，四个孩子，请问有多少家庭敢生四个孩子？不说花钱，精力来教养都难啊[捂脸],8,533,2,2022-07-29 16:42:48,来自山东,111051031230,月芽朦胧
7125717260845056808,养不起就别生，不是冷漠，是对孩子负责任，免得孩子象大人样受罪，有钱多生，没钱少生，这也是社会上共识。,6,379,2,2022-07-29 17:03:18,来自湖北,2410585685234060,三农品人生
7125963316123861760,确实是养不起就别生，这不光是指责，也有宣传教育意义！5000元的工资，还要生养4个孩子，的确不容易！但是夫妻生活的避孕措施应该买的起吧？如果连避孕套都买不起，男女都可以做节育手术啊！所以这样的事情，不要说大家不同情。如果可以只生不养，我估计男的都想要一堆葫芦娃，这没成本呀，说不定哪个成才，还能光宗耀祖呢？所以人家有本事生，就应该有本事养，都是成年人，没啥说的！,2,120,2,2022-07-30 08:58:04,来自陕西,106782950448,正能量海燕c6
7126044406515761952,要是国家给养别人给帮助，谁嫌孩子多。养不起别生就是大实话。,1,214,2,2022-07-30 14:13:45,来自辽宁,86117708293,来自平行时空
7126053213488497439,我就是赞成养不起就别生！不要给自己增添无穷的累赘！更不要让自己的孩子来这世上受苦！更不能因为自己的不顾后果、不知节制而带来的苦难麻烦别人！这种问题多了，一定会给社会带来很多不良的问题！所以，生孩子一定要量力而行！,4,58,3,2022-07-30 14:47:28,来自山东,395419386392088,喜欢苹果的人
7125707546052035362,能力不足，没有好的收入来源这些可能由不得我们控制，但是生育是能控制的，没钱就别生一句话有错吗。,9,1028,3,2022-07-29 16:25:26,来自天津,98153082417,小爽7108
7126290630405784361,我等凡人为世奔波，为免遭白眼而荀且！,1,32,0,2022-07-31 06:09:09,来自广西,83867242369,覃漳
7126056058493584141,这年月，大家都活得不容易！不是只有你会生！有条件的睡不想多生啊！但你有能力生，却又觉得没有能力养，这不是给自己、给家庭、给社会添麻烦嘛？就算是别人可以帮你，但也只能帮一时，不可能一世，各种的苦和累终究还是要你自己承担的。所以，奉劝那些和故事中经济条件类似的人，一定要想明白了再生孩子！不要不经大脑，不考虑后果，自己痛快了，随便生了孩子，才发现自己养不了！这种人可怜、可恨、可悲！！,1,17,1,2022-07-30 14:58:35,来自山东,395419386392088,喜欢苹果的人
7125730922837967647,不是冷漠，是理智的规劝。没人为你多生孩子买单，自己的生活自己过，自己没规划好，又倍感压力。当初为什么要生四个？有无重男轻女之意？,0,25,0,2022-07-29 17:56:53,来自浙江,66099533816,群英荟萃199905124
7125723597204767495,大多数没钱的越是生得多，然后某一天崩溃了就上了新闻，哭诉生活不易！反而对生活有规划的家庭都只生一孩或二孩，生活就算不大富总会有盈余！上新闻的大都是家里孩子生了很多又没钱的，有时还因照顾不当，烫伤或孩子出意外要花很多钱求助无门而上新闻的！唉，都不知道怎么解释这一群体，没钱少生优生，才能改善生活才能给孩子最好的教育啊！,21,738,4,2022-07-29 17:28:18,来自湖南,63257996560,小企鹅不是鹅
7125725299044270863,"如果说是一个两个孩子说压力大，可以理解，生四个说压力大谁理解？感情生孩子是闹着玩的？做父母的既然选择生这么多孩子，就应该早有心理准备，而不是生完了才说压力大？谁还没压力呢？现在一个孩子的家庭都压力山大。
俗话说有多大能力办多大的事！网友说的也没有错呀，自己生的自己负责，没能力就少生，网友说的也没错呀！
不过话说回来，四个孩子只要好好培养，以后说不定都有出息呢",34,733,4,2022-07-29 17:34:30,来自江西,106876086709,aishang秋天
7125783699748225832,帮一时帮不了一世，确实生多了，养不起为什么不少生两个？很多人生一个都压力山大，不敢再生第二个，你确生了一个又一个，是不是自找的，这根本就不是养不起的问题，而是害了孩子，耽误孩子，坑了孩子，罪孽深重啊。,25,743,5,2022-07-29 21:20:48,来自黑龙江,6415770952,雨过青青
7126011916988367655,他如果只有一个孩子绝对不会像现在那么有压力。我一朋友两口子加起来不到5000，（他这个工作我看干的挺头疼的，一搞就是几个月不发工资，2000多点的工资发两个月下次得三四个月后才能再发，我不知道为什么他不辞职）老婆一个月退休金1000多点，加上给幼儿园后厨打杂1000多点，人家就要一个孩子，人家有自知之明，虽然穷不生孩子人生不圆满，生多了养不起，所以人家生一个就好了，女儿现在大一了，再坚持几年孩子毕业自己赚钱就不用他两口子这么操心了，我这朋友天天乐呵呵的一点也看不出压力大,2,31,1,2022-07-30 12:07:41,来自山东,60415866830,嗨章鱼
7125948024114856707,一点都不冷漠，是善意的劝告。,4,81,2,2022-07-30 07:59:41,来自新疆,457855310501710,赵652901
7126010271147705129,"对生命要有敬畏之心！生命至上！作为父母要把鲜活的生命带来这个世界，不能太随意太草率！要有系统性的规划，确保能养育得好！生而不养或者养而不教，都是父母之过！
还是觉得将一个鲜活的生命带来这个世上，要有敬畏之心！不是随意的轻而易举的事！要有承受生命之重的决心与能力！这样对孩子才是真正的负责任！对孩子才是公平的！
好多有意愿而且有能力的父母因为遵守国家政策法规，不敢多生一个孩子，留下了终生的遗憾！因此对于这种不量力而行甚至违反国策的行为不赞成更不不提倡！这样的家长应该受到指责！都不负责任不守规矩，这个社会岂不乱了套了！但孩子是无辜的，既来之，则安之！",0,10,0,2022-07-30 12:00:17,来自福建,3284941988170407,911722kk
7125754363066385165,怎样助人，普通人都为了给孩子好一点的生活选择少生，你觉得还有力气去帮助别人撑过去？大半的成年人都在泥潭里苦苦挣扎，有钱给别人养娃，自己早就多生一个了，人都要量力而行，话需然不好听，确是实话，他不是别人的话打垮的，是现实击垮了他，这样为国家贡献生育的人，遇到困难更应该国家来帮扶，不要道德绑架个人，早就是放下户的政策，别人没有义务！,3,287,2,2022-07-29 19:27:31,来自贵州,106086223106,正直原野LI
7125740020480082729,养不起就别生这句话没毛病，孩子生下来不单单是吃口饭那么简单，后面的培养需要钱和父母的精力，你没有这个能力干嘛生那么多？打算让别人养吗？成年人啦，要为自己的行为负责，避孕套很贵吗？[what],0,39,0,2022-07-29 18:31:28,来自湖南,69387136116,土豆片开汤
7125964701968352034,养不起别生，没错。国家才放开三胎？你就有四胎！現在节育办法很多为何会这样？已经生了必须养，养不起不是借囗。在七十年代初孩子可以多生，可是绝大多数人自觉，因为多孩子負担重，做人必须量力而行，这种做法不仅可笑还特别可耻，不支持！不赞同！,3,163,1,2022-07-30 09:03:36,来自广东,299509961728221,文艺凯尔西7k5
7125717949956064035,其实这种观点吧，我觉得也不算错，大家都是成年人，就是你什么样的条件，你去养育什么样的孩子，你没有想法吗？可怜之人必有可恨之处这句话还是有道理的,0,50,0,2022-07-29 17:05:51,来自天津,3922687460904216,随风飘扬2022
7125775929158812416,我的一个发小嫁到贵州，头一胎是个姑娘，7年后又怀孕，一下子生了三胞胎，其中两个女儿，一个儿子。她亲姐是在老家招的上门女婿，生了两个儿子，想到贵州穷，想替她妹家分担点，抱养三胞胎中的一个女儿，谁知她妹婆家死活不肯，说再穷也不送人，哪怕是亲戚也不行。,3,19,1,2022-07-29 20:50:44,来自湖北,59202741493,篱落疏疏8
7125733833755902731,自己工资不高就要量力而行。虽然说养育标准不一样。但是要根据实际情况来。比如你5000块在18线城市养育四个孩子绰绰有余。但是。如果在一线城市。5000块养活自己都不够。所要根据实际情况来看。比如在福建莆田。如果你觉得5000块钱养不起四个孩子。那就应该要提前规划。不该生四个。先试一下生两个能不能养得起？两个如果养的刚刚能养得起。那就别再生了。做好安全措施吧。,9,70,1,2022-07-29 18:08:07,来自广东,93096680166,芯蕾58
7125972802335392549,孩子不是玩具，是活生生有血有肉的人。他们有喜怒哀乐，他们也想要美好的人生，别的孩子有的，他们肯定也想有。如果你给不了孩子好点的生活和教育，你把他们生出来干什么呢？生出来感受痛苦，感受自卑，感受自己的与众不同？你想让他们痛苦，有没有考虑过他们的感受，他们愿意吗？他们想不想来到一个满是痛苦的世界？你自以为是带他们来，这是一个错误。,3,33,1,2022-07-30 09:35:33,来自山西,51374425610,夜雨萧梧
7125705775804613408,为什么要帮助对未来没计划的而盲目结婚生孩子的人？？？,12,444,2,2022-07-29 16:19:35,来自上海,95874206808,一个工厂好习惯
7125709381353816832,确实啊，养不起就别生，生了就别说苦。,0,140,0,2022-07-29 16:32:37,来自河北,2820487234,不如一人
7125953837529809678,"赞同养不起就别生这种说法！
5000工资养一个孩子还是没问题的，又不是剥夺他的生育权，但是养4个就是自不量力了，成年人要为自己的行为负责。",0,11,0,2022-07-30 08:22:07,来自广西,3399308677756637,我是兽医专治禽兽
7126032101555847974,我们小时候家里很穷，孩子七八个，吃不好，穿不好，学费年年欠[捂脸]，都上初中了，小学学费还没结清，被小学老师堵在路上，让我爸找时间拿学费去交[捂脸][捂脸][捂脸]。我奶奶经常说，不怕不怕，天生天养，老天爷不会让你走进绝境的，就算进去了，也会开条缝给你出来死不了！现在想想，我奶奶可真豁达啊。后来我们一个个长大，一切也都慢慢的好起来了。,13,14,1,2022-07-30 13:25:36,来自广西,84840571240,玉眉桐
7125746835981583142,其实吧，养不起是不存在的，各有各的养法，最后都饿不死。。像我家邻居，不说家徒四壁吧也差不多，俩孩子这不也都糊弄大了，女孩结婚了嫁给村小老师，男孩初中毕业后就开始自己倒腾菜，起五更爬半夜，虽然辛苦，但也是为社会做贡献啊。。而且俩孩子也都知道孝敬父母，在我们农村来说就是普通生活，没啥不好的,7,41,5,2022-07-29 18:58:58,来自吉林,74615551030,橡州南路
7126074797976568615,"养不起就别生，这话没毛病。自己一个月挣五千，能不能养的起没数？既然打算穷养，那压力来自哪里？
指望别人给他撑过苦难，谁的生活都不容易，有多少人自己都不敢多生，有什么能力给他撑过苦难？",0,2,0,2022-07-30 16:11:25,来自山东,3846458579,鱼儿悠然
7125733470877958925,一个孩子都让我焦头烂额，经常看到新闻家长因为辅导孩子学习中风或者晕倒，我不至于这么惨，但是真的也是很费精力，现在又不是旧社会，因为没有节育措施所以生很多，成年人了做事应该有规划。说句题外话，我小时候家庭条件不好，物质和精神都过的苦哈哈，我不想让孩子在过我小时候那种生活，尽自己最大努力让孩子生活的温馨幸福。,14,478,2,2022-07-29 18:06:50,来自陕西,3707167331588299,拱白菜的肥猪
7125713127249330957,养不起就别多生，这就是成年人要考虑的。,0,323,1,2022-07-29 16:47:45,来自山东,5976443423,精卫无穷填海心
7125953569983562528,事实就是“养不起就别生，生下他就得管他”，你说别人冷漠指责不如助人撑过苦难，你来助人呀，不能光凭两片嘴吧，什么事没到自己身上，你不知道有多难，说漂亮话谁不会说，每个人的苦只有自己去承受，指望别人行吗？,0,66,1,2022-07-30 08:21:36,来自河北,2349026675795267,认真的咖啡Br
7125725626208305960,养不起为什么要生？我觉得这话没错啊，成年人就该对自己和家庭负责啊，如果能力不足硬要多生，那就是自己的问题。就算大家爱心援助，也只能是一时的，这四个孩子（也许还会更多）花费只会变多，总不能永远靠救济吧,0,28,0,2022-07-29 17:35:56,来自江苏,3808296136871019,XING家姐姐
7125961975795876608,这就是一句最实在，也是最不自欺欺人的话。虽然有点儿残忍，但是作为成年人，做事情就只能量力而行。5000的工资，养活两个人都困难，如果养活三个人，难上加难，现在还是六个人，真的不容易。虽然义务教育不需要多少费用，但是娃娃的成长过程需要的费用，那都是钱。,2,62,1,2022-07-30 08:52:47,来自四川,57169598786,随心随意而过
7125979828411187999,"网友说：养不起就别生!
 忠言逆耳，话说的确实不好听，但还是有些理的，
如果轻生男子生四个孩子，只生一俩个，压力是不是会小很多呢!
想要生三，四个孩子应根据自己家经济人力条件，量力而行，四个小孩养育起来真不容易。
当然无论生自己都是人家的权利，既然选择生几个孩子，再大的压力也得努力抚养成年。",0,35,2,2022-07-30 10:01:51,来自重庆,487812861541703,无忧的星空Z
7126063749621924616,虽然但是！如果是我不会生那么多，不排除也许他之前家庭富裕。但是养孩子除了金钱上的，更多是精力上。现在社会上无论大人还是小孩都有很大的压力，大人自己都很难排遣自己的压力，小孩更难，所以大人要去辅助小孩。4个小孩得花费多少精力？自己累，孩子也不见得开心,0,3,0,2022-07-30 15:28:23,来自贵州,3781915485668935,远山珊迪
7125738567623918366,这标题就是道德绑架，我赞同“养不起就别生，”自己几斤几两要有数，有多大能力办多大事，钱的多少可以经过自己和家人努力打拼实现目标，同样的生育孩子也是在自己能力可控范围内的，自己不克制使劲生，养不起卖惨，谁该他们的？,0,148,1,2022-07-29 18:26:12,来自天津,52436670175,狂奔的小鹿
7125707801481036574,现在的现实是，越是教育程度高的人越慎重生孩子，越是文化程度低的越敢生。我支持有什么能力过什么生活，养不起别生，别人没义务帮你,5,290,2,2022-07-29 16:27:00,来自重庆,3631233364,慕熙小姐姐
7125963963049018127,一点都不同情孩子多却又说养不起的家庭，孩子多的大部分是重男轻女的家庭，为了生男孩生了一堆女孩。每个孩子都是一条生命，生下来就要为其负责，生孩子之前都要三思而后行，有能力养就生，没能力养就少生。既然生了，就是累死也得养着，半道说撑不下去，早干嘛去了？,1,100,1,2022-07-30 09:00:40,来自福建,108630738304,扰我一滩静水
7125712577128678176,有个疑问什么叫养不起，简单的活着，5000每月还是够的吧,28,37,3,2022-07-29 16:46:07,来自山东,3707162586786867,葫芦多作怪
7125725118814225193,救急不救穷，你穷是你自己造成的，为什么别人给你买单？做人做事要量力而行，别人帮得了一时也帮不了一世,5,184,3,2022-07-29 17:33:39,来自安徽,55080583937,热情的雪梨i
7125781668577084199,看了小编的想法，我想说，我们更应该做什么事之前多想想做过之后要承担的责任，4个孩子的父亲，在孩子出生之前就应该想到要承担的责任，要对得起孩子。说什么养不去也不剥夺生育权，那你帮养呗，可是对孩子是不是也是一种伤害？,0,197,1,2022-07-29 21:13:36,来自广西,62108243797,小星星175851796
7126060128805176064,评论都是不赞成这位记者写的观点，我本人家中也是四个 我是老三 个中成长痛苦你们知道什么 那真是痛苦 我自己坚定就生一个 给足保障 好好培养 绝不贱养 在自己能力范围内为他保驾护航 任何一个决定自己都需要承担,0,22,1,2022-07-30 15:13:42,来自湖北,3847946523124958,香香的相干
7125704425699623716,当今社会好些低收入者却热衷生孩子，而有些高知工作好收入高的却不愿和不敢生孩子，还美其名曰，怕给不了孩子更好的教育和物质条件所以不敢生，我都被他们整蒙圈啦！,10,38,3,2022-07-29 16:13:49,来自黑龙江,103731989920,快乐女主角459
7126294412636455712,现实告诉我们，结婚要慎重，生孩子更要慎重。,1,13,0,2022-07-31 06:25:08,来自广东,2247026807678699,率真海风u6
7125716073277555468,养不起为什么要生那么多，别绑架别人，谁都不容易。自己选择的生活自己负责。,7,487,1,2022-07-29 16:59:14,来自河北,6916846903,691684903
7126068264509489923,生不起也要生日子过的憋屈，那也要忍着生活的苦生活下去。这才叫志气，哪怕孩子跟着我受罪呢，但我有一份能力就是要努力把孩子们养大成人。苦不怕，只要家里有爱，你爱孩子孩子们也爱你，一家人粗茶淡饭也要活的风生水起，结果你先瓦塔了，那让孩子们该怎么养你吗？,0,5,0,2022-07-30 15:46:10,来自北京,5422923635,拔起萝卜
7126012600605459233,"“养不起就别生”，隐含的另一重逻辑是“养得起就可以随便生”。
这就矫情了。
别每天都催婚催育就行，没用。
5000元的工资养一两个孩子尚且捉襟见肘，何况四个，只算4个孩子和一个或两个大人吃喝拉撒的生活费，这些钱可能将将够。经受不住一点点风险。",0,19,2,2022-07-30 12:10:20,来自北京,9179361114,真怡雪露
7125716050947375879,小孩子都知道自己的事情自己做 一个成年人 养家是他自己的事情 为什么让别人帮助？？,0,24,0,2022-07-29 16:58:59,来自山东,20211592029,走啊赶集去
7125721847475372834,如果养不起都要社会补助帮他养，为什么要生那么多？给社会给别人添麻烦添负担,0,25,0,2022-07-29 17:20:58,来自四川,3685173158490877,清心8260394184077
7126044106786538275,指责的人固然态度不怎么好，媒体也是各怀鬼胎。谁能说得清？只有冷暖自知。,0,1,0,2022-07-30 14:11:33,来自广东,56940577839,文鴦
7125715039587549966,既然生了四个，就得没日没夜的干活养孩子，就得承担自己的责任，不需要别人捐助帮助，毕竟不是别人让你生那么多，也不是别人的责任,0,37,0,2022-07-29 16:55:10,来自四川,2264606629174843,奇妙柳叶pV
7126046441340470019,我是个实在人，我觉得生孩子还是跟到自身的经济来看，我就是这样做的，生第一个买了72平方的房子，后来存了钱，生第二个，换了一套大的房143平方，生了二胎压力就大了，加上换了套大平方房子，大的读高中，小的经常感冒，我老公在公司没耍过假，大的大学毕业工作了，生活压力就减下来，真的，没有金钱底子，最好不要考虑生二胎，三胎,2,44,1,2022-07-30 14:21:44,来自重庆,108149837678,呵呵哒
7125943583550784260,养不起就不要生那么多，我理解的养不起别生就是这个意思，不知道文章怎么就把它理解为剥夺生育权？好奇怪哦。我觉得生育抚养孩子要量力而行，不仅生下来，还要养育好。而不是不顾生活质量一味生育不节制，对孩子和家庭都不负责任，按文章的观点，那大家就准备多生点，在全社会关心关爱众筹下养活这些孩子，不再冷漠，打造和谐社会。仅个人观点，不足之处批评指正！,6,268,4,2022-07-30 07:42:34,来自安徽,96370657311,海星2768
7125983625208005388,符合现实的状态，这是有良心的说法与冷漠指责没有关系。,1,49,0,2022-07-30 10:16:32,来自浙江,64908872753,哈尔滨森
7126225018308526851,养不起别生，这是现实，成年人是要想清楚才可生，不要生出来害了孩子，自己又喘不过气来。,1,94,3,2022-07-31 02:02:30,来自广东,75827611196,红太阳70757
7126229467836007176,我养两个都觉得压力够大的了，养四个，不得不佩服他的勇气，有多大锅，就下多少米，量力而为吧！造成现在这个局面，撑不了也要撑下去！,0,1,0,2022-07-31 02:19:19,来自湖北,3949063779388951,审史官
7125712342377464610,这种孩子多的最后都绑架亲情，兄弟姐妹都跟着受累！本人深受其害[流泪][流泪],1,46,1,2022-07-29 16:44:11,来自山东,2721983615473652,6木易姐姐6
7125999706605929250,奉劝年轻人，考虑清楚了，有条件生两三个小孩子是你们的本事，没条件还要生，那别人管不着，毕竟是你们自己的事情，但是：明明知道条件不好还要生小孩，最后养不起了又去社会上求助，这种情况不值得同情，毕竟成年人要为自己的行为买单，还不是社会替你买单,0,66,1,2022-07-30 11:19:16,来自陕西,1195860234353134,12349527028
7126165143532290850,美文精彩！意见中肯！深以为然！[赞][赞][赞],1,128,3,2022-07-30 22:01:06,来自内蒙古,83373618440,一路向天涯
7125711261832774404,老话救急不救穷，他家的困难不是一时帮助就能解决的，是要持续二十多年也不一定能解决的。,0,57,0,2022-07-29 16:40:54,来自安徽,2115105010754253,88春日暖阳66
7126035283597886223,人不是都应该量力而行吗？如果你没有能力养这么多孩子，明智的选择就是少生或不生，这不是剥夺，而是明智的选择。让那些有能力养又愿意生的人去生养。既然生那么多，就要强撑下去，因为这是你自己的选择，一个成年不是应该对自己的选择负责吗？,1,41,1,2022-07-30 13:37:11,来自重庆,95203749017,摄瞳
7125787724418188035,"不管说什么，他就属于能生不能养的类别！谁是弱者？如此多的辛苦打拼族，养一个孩子都要权衡能力，养两个更要加上双方老人全家商量。理智抚养下一代才是对所有人负责！
任性造小孩时就该想到如何抚养他们成长，哭也好，愁也罢，路都是他自己走的！
没人剥夺他的生育权，已经四个了，还在继续，他搁过去，就得单位有四个人没有生育指标！还不知谁剥夺了谁？
他爽的时候，难道不知道必须承担的社会责任吗[衰][衰]",0,19,2,2022-07-29 21:37:19,来自北京,62251630471,翠波馨语
7126310005195686694,大家都说养不起别生，男的5000一个月在农村是够养的，只是男的媳妇好像突然生了多胞胎，压力突然有些大，成年人崩溃只在一瞬间，开导下就好。然而一堆人按自己心中的养育成本说男的，唉！想问下现在城市人有几成人能按自己的养育成本养娃？这么说都不生了？连最基本的人类本能都丧失了？讲什么道德至高点？无人性误言道德,0,0,0,2022-07-31 07:24:21,来自广东,4177769123545463,睿智周周
7125933847186932520,养不起就别生，这句话没说错呀，每个人都要对孩子负责，经济条件好的可以响应国家号召，生两到三个，条件不好生一到俩个，养得起还要有精力教导，这都是家庭大工程，作为女性，还是喜欢八九十年代的独生子女政策，为妇女解放作出巨大的贡献！,0,52,1,2022-07-30 07:03:53,来自广西,62673884961,红水河畔我的家
7126212966894322472,“养不起就别生”，这是一种常见的逻辑谬误：“养不起”的概念是什么？怎样才算“养得起”？同样是抚养一个孩子，不同的家庭有不同的养育理念，与之对应的是不同的养育成本，没有谁是“标准化操作”。如果“养不起”就要被剥夺生育权，财富状况成为决定生育权的主要甚至唯一标准，人不仅将沦为“金钱的奴隶”，甚至将沦为“基因的奴隶”。,0,0,1,2022-07-31 01:09:17,来自广西,84527009239,兰有话说
7126066452804666124,媒体除了要绩效，更加需要操守,0,5,0,2022-07-30 15:38:55,,81680546228,  麻吉
7126125820761932578,养不起确实不该生那么多，既苦了自己，又害了孩子,0,25,0,2022-07-30 19:28:30,来自北京,1543337478732359,青涩豆浆EK
7126048180441645839,养不起真的别生，现在养孩子都是精养，不是简单养活就可以了。,0,55,0,2022-07-30 14:27:35,来自上海,3105479155524167,粉龙宝石月季
7125722356576305920,养不起就别生才是最朴素的道理,0,17,0,2022-07-29 17:23:09,来自陕西,92762715993,天环楚虹
7125717280977224479,"什么叫养不起？
他自己感觉到压力不想活了，就叫养不起！",0,19,0,2022-07-29 17:03:45,来自山东,5949225360,阿修罗的炒股日志
7126050429448241954,支持，养不起就别生，孩子出生在一个这样的家庭，对他的身心都是伤害，,0,153,2,2022-07-30 14:36:17,来自上海,2554902480162644,美好善良和谐
7125939706222609190,自己生的让别人养？养不起就别生，不是指责而是善意的提醒，怎么不对了？,0,11,0,2022-07-30 07:27:22,来自河南,7000537765,不奢望明天
7125709947517846310,是过来人忠告而不是冷漠,0,200,1,2022-07-29 16:35:33,来自广东,2330604023594878,乖巧白云he
7125712031202034471,养不起还要生？这话有错吗？我觉得没毛病。生了害人害己,0,130,1,2022-07-29 16:43:48,来自陕西,101035818058,水滴750
7126218595696214796,可以养活，但不一定可以教育好，养育孩子的标准看个人，是养大了就行还是养得孩子能独立、品格好甚至成为栋梁之才，各人标准不同，不好说某种说法就是错的，养几个孩子需要花费多少心思和金钱作为父母以及成年人应该有所衡量。,0,0,0,2022-07-31 01:34:29,来自浙江,109207196400,凡尘青余
7125956390119981836,如果“养不起”就要被剥夺生育权，财富状况成为决定生育权的主要甚至唯一标准，人不仅将沦为“金钱的奴隶”，甚至将沦为“基因的奴隶”。…………这样的观点就上纲上线了。网友说的“养不起就别生”，只算表述不清，并没有什么“不准生、剥夺生育权”。看着自己的实际情况，生1～2胎，才决定后面还要不要再生更多。,0,6,0,2022-07-30 08:32:20,来自广东,50098839138,勇敢的智者青山
7126042589526098726,已经生了咋办，国家帮忙想想办法支持愿意生孩子的年轻人，超过三孩给保障。,6,8,6,2022-07-30 14:06:26,来自河北,333901994405128,窗台上的小红人儿
7126275631889253154,以前生活水平低，人没有比较。现在中国人生活水平都上了一个台阶，以人少而维持温饱。一旦增加人口就很难维持温饱。,1,8,1,2022-07-31 05:12:37,来自上海,3488972786,水中望月16921706
7126058138855670568,我要是帮助别人养孩子，还不如我自己生我生的我肯定不用别人帮。,0,43,0,2022-07-30 15:06:09,来自辽宁,56937467629,新月LL
7125786280747090699,你生了4个孩子。每个月五仟的工资，怎么就养不起了呢？富养不起了，就穷养。怎么能养不起。我弟弟家，5个人吃饭，父亲快九十岁了。媳妇眼睛看不太见。弟弟作了股骨头置换手术。两个孩子上学初中。我弟赚钱还没有你多。两个孩子和弟妹基本上穿的衣服都是别给的旧衣服。他们过的也挺好的。希望你坚持几年，孩子大了就好了。,6,33,3,2022-07-29 21:31:35,来自陕西,3166182839689751,用户美好的生活
7126310297245303552,生孩子之前就要考虑现实困难，过去一人上班养活全家人，现在的孩子要想精心细养，必须要有经济支撑，成年人了，怨谁？,0,0,0,2022-07-31 07:24:43,来自河南,2950677600146813,天遂霞愿
7126178048684540706,"养不起，生下来，咋整呢？
经济情况，责任心，还得考虑孩子以后会不会怨念把他/她生下来了呢？
这是现实。很不好听，但得承认这是一种很强的责任感。
理智的人都得考虑这个，纸尿裤，奶粉，乱七八糟的费用，是真的能逼疯人的……
没有经济实力，就生孩子，那是真的有问题。那会打碎生活，也是一种变相的不负责。
谁的人生一定要输在起跑线上呢？孩子愿意？
没有好的资源供养，谁家的宝贝想活得贫瘠？没钱，物质贫瘠，精神也得面临贫瘠……不要光说靠爱了，那东西没有得少……谁不爱子女？",0,0,0,2022-07-30 22:51:26,来自北京,4279732425211549,呆呆慢半拍
7125724207400502027,确实啊，养不起就别生，生了就别说苦。这就需要你努力的赚钱💰，而不是不负责的讲养不起,0,12,0,2022-07-29 17:30:51,来自广东,2660442114363400,龙船山风
7125706795582735119,别瞎劝着让人多生孩子，养不起就别生才是对人最善良的劝告。,1,38,0,2022-07-29 16:22:53,来自天津,4523771487,我就是我42976221
7126036219146175273,他们的意思是养不起就别生那么多,2,55,1,2022-07-30 13:40:58,来自河北,51441692431,我是胖球球130202
7126097991421166372,精神上的安慰永远代替不了生活中的柴米油盐。生孩子对一个家庭是一项巨大的工程，盲目生育的结果是压垮父母，毁掉孩子。反面的教训值得为人父母者深思。,0,0,0,2022-07-30 17:41:09,来自陕西,3201380156448013,老孙
7126057713863541545,月入五千养一个都费劲。还五个？不是大家不伸手，这养孩子不是一时的困难啊！所谓救急不救穷，为啥生的时候不想想抚养的问题？现在年轻人好多不敢多生，为啥？谁活得容易呢？,0,2,0,2022-07-30 15:04:26,来自北京,108434712967,你也在这里265
7126293956283319081,开放言路是民众释放情绪、缓解社会矛盾、解决社会治理问题的重要方式。,0,11,0,2022-07-31 06:21:59,来自山东,2436110770257070,幸运扑克n4
7125723031406199567,养不起不生你觉得不对吗？自己结婚成年人了，不知道自己一个月多少钱？还是不知道生孩子要养？还是等着社会养？,0,22,1,2022-07-29 17:25:47,来自山西,219516332944143,一往无前喜鹊4
7125712713212805925,"记者问小孩：你的理想是什么？
小孩答：放羊呀。
记者：那羊喂大了干什么？
小孩：羊养大了卖钱呀。
记者：卖钱干什么？
小孩：娶媳妇。
记者：娶媳妇干什么？
小孩：生小孩。
记者：生小孩干什么？
小孩：放羊！",1,20,0,2022-07-29 16:46:09,来自天津,62472718073,圖嘉
7126086090851304233,与其冷漠无视无情的指责，不如以实际行动证明践行助人撑过苦难，才是治标治本,0,0,1,2022-07-30 16:54:39,来自河北,61997519735824,敏锐宇宙fg
7126087363746759458,"看完文章，我最想说的一句话就是：养不起就别生那么多。
现在有些年轻人养一个孩子还需要父母接济，你月工资5000养4个孩子肯定是捉襟见肘。",0,2,0,2022-07-30 16:59:24,来自江苏,59554785532,城里城外风光好
7126302462134321961,[吐血][吐血]有一部分人自己的都养不起，还要去怎么助人,0,1,0,2022-07-31 06:54:33,来自河南,105103203614,小幸运0910
7126105750342075173,"“养不起，就别生”也不见得不对，看怎么理解，养活不是仅仅养活，是要付出精神时间，以及物质（最起码温饱）。
养孩子就要做好心理准备，把一个生命带到这个世上，就要负责，孩子的生活教育陪伴等等一系列的付出和责任要担得起，决定好给他什么样的生活，至少你的心态要正常的，如果心理准备和物质准备都担不起，就不要带来人世间。",0,0,0,2022-07-30 18:11:06,来自江苏,71514674500,叫奎哥
7125713840331064067,自己生的孩子为什么要别人买单？,1,11,0,2022-07-29 16:50:48,来自海南,55007507381,HKT
7126037860096361256,得意时阳关灿烂，失意时雨中奔跑。谁不想给孩子最好的一切，什么叫“养不起”。只是生活条件会有所改变而已，人们也不要用自己的认知去衡量别人的思维方式。东北人大多独生子，而淮河一带及以南地区，大都生好几个，现在的贫富差距还差在几个孩子吗？自己的孩子自己养，不要和别人攀比，别人也有不敢比的人，人比人得活着！货比货得留着！那句话真好：撑过苦难的人就是人生赢家！,0,0,0,2022-07-30 13:47:23,来自黑龙江,1877580338962195,博爱诗书
7126053414920078116,养孩子的困难，不是说你帮助几次就能解决的，自己在生之前是要考虑有没有能力养。如果大家都只管生，不管养，社会责任该谁承担！,0,2,0,2022-07-30 14:47:59,来自四川,12316893805,好学海浪ro
7126044849282777868,现在义务教育阶段基本不需要交什么钱，什么叫养不起？比他收入低的家庭应该还有不少吧？只要自己愿意努力，困难是暂时的，生活艰苦一点而已。,0,1,0,2022-07-30 14:15:01,来自江苏,289898971016412,江铜一号
7126120301334692623,敢生就该养，叫什么苦！养不起就别生，这就是真理。,0,2,0,2022-07-30 19:07:07,来自宁夏,66073927282,芳朵雷
7126063992745263903,养不起就别生，这话有什么不对吗？成年人都该为自己做的事负责，别人为什么一定要帮，自己做出的事情，为什么要别人为你买单,0,1,0,2022-07-30 15:29:23,来自云南,91701985008,淡然99965
7126055617584202500,既然想轻生还报警干嘛，不是我冷漠，都是成年人了没一定的经济能力生四个孩子是对孩子不负责的行为，别说大人压力大孩子有错吗，生下来就跟着大人受苦,0,1,0,2022-07-30 14:57:01,来自河南,98562926964,阿珊爱追剧
7126059995585676072,如果只是一个或者两个孩子我会同情他，倒是是4个，你叫我怎么同情。没有人说剥夺他生孩子的权利，但他自己心里总有点数，自己的能力能养几个孩子还不知道吗？,0,1,0,2022-07-30 15:13:14,来自福建,62628828037,菁257818747
7126178279417660201,养不起还要生这么多？凭什么还要别人帮他的撑过苦难？让人家二个都不敢生的来帮生四个的公平吗？,0,1,0,2022-07-30 22:52:27,来自江苏,52642646830,1391446688
7126057928783758094,生而无力量来抚养。自己要量力而行。多子必多福的观点现实并不完美。少子无虑无忧.还是不养为好。无财力支持还是少养或不养为好。免得徒增烦脑。长大了也不一定养你。现实就是这样残酷。,0,0,0,2022-07-30 15:05:42,来自辽宁,103031716178,随性自由的高山k3
7126140340423361316,普通家庭养两个孩子就已经很不错了，4个我都不知道咋养，我见过一个普通家庭生养8个孩子的，一天挣的钱还不够买菜，真不知道这么拼命生孩子为了啥,0,0,0,2022-07-30 20:25:07,来自广东,2766013921507228,灵巧远山fK
7126055082772628265,如今的社会不是过去，你穷我穷大家穷，现在贫富差距本来就大，社会资源也需要各种拼，这种情况下，家庭条件不允许的时候生太多确实还是有点，主要孩子的未来太茫然,0,0,0,2022-07-30 14:54:10,来自湖南,2436137071418984,普蓝色底稿
7125705367829103372,真心劝一句养不起就少生点，，生一个两个就行了。,0,44,0,2022-07-29 16:18:13,来自河南,4195004472,奶瓶VS主义
7126290466873770763,“养不起别生”这句话也没错啊？虽然无助于莆田男具体问题的解决，但每个人对自己的选择结果负责是成熟社会的一条准则。,1,22,0,2022-07-31 06:09:59,来自陕西,101303569081,秦岭一片秋叶
7126072885768651531,生的时候不计后果，养不了了就一哭二闹妄图把自己责任转嫁给社会，这种人我们凭什么为他们买单？,2,9,0,2022-07-30 16:04:14,来自河南,918827713173372,躺平赚钱的我
7125709711387099912,不然呢？你给养啊,0,29,0,2022-07-29 16:34:33,来自北京,2225053351806231,正直船帆oN
7126243700740686606,你说得没错。,0,0,0,2022-07-31 03:15:19,来自广西,6166416671,水果捞阿创
7125716101346378535,做超能力的选择凭啥别人给你买单,0,15,0,2022-07-29 16:59:41,来自重庆,4398470875062055,水和米饭
7126066205500687112,其实现在有些人就是这样想，自己生，国家养，有些人就觉得养不起有国家，以后还是自己收益。,0,0,0,2022-07-30 15:38:07,来自贵州,85433737943,嘉嘉和麻麻
7126065818588201760,这话没错呀，总不能你由着性子生了四个孩子，要有社会来承担责任！,0,3,0,2022-07-30 15:36:30,来自浙江,109833214021,缤纷轮船Fh
7125692543161516839,说“养不起就别生”此句的不一定是冷漠，可能是经现实生活毒打后的一句忠告或慨叹。,1,107,1,2022-07-29 15:28:10,来自广东,74966744230,挥笔为刀扫千军
7126303218703270697,支持，养不起别生，穷人生孩子是对孩子的不负责任,0,1,0,2022-07-31 06:57:32,来自宁夏,58906547600,欢乐玉米须
7126092491409064704,生孩子之前自己有多大能力不知道？生边养孩子成本大概多少心没数？生完了养不起怪社会吗？养得起几个生几个，不对吗？,0,1,0,2022-07-30 17:19:18,来自山东,61674475620,心中有愛7
7125707548053144335,这还是传统思想在作怪，养儿防老的思想早就应该丢弃了，现在的生活压力这么大，小孩长大了也有自己的生活压力，你觉得他有时间或有精力照顾你，能来看看你就很孝顺了。所以生小孩也要看看自己的经济情况决定，既然生这么多就只能自己承受压力，别人帮不了你，也没人会愿意帮你,1,18,0,2022-07-29 16:25:33,来自广东,3416937652030807,zy1974519
7126055211579376392,我觉得养不起别生的意思应该是：经济条件不好的情况下，少生！5000的收入养一个很轻松，养两个也还行，可你非要生四个，不量力而行，对自己对孩子对家庭都不好。,0,1,0,2022-07-30 14:55:00,来自新疆,96163396258,朝气蓬勃的舍得
7126073440557875982,生了就努力养，先保证温饱，5000块钱肯定能养活，还有9年义务教育呢！不要攀比！,0,0,0,2022-07-30 16:06:09,来自广东,2010354126955511,做个努力的宝妈
7126031342383153954,普通人的生活都是一地鸡毛，养孩子开销太大，这不是一家人的现在，只是很多人咬着牙在坚持着,0,0,0,2022-07-30 13:22:07,来自河南,1041970264547636,80后的责任重道远
7126059712164381440,我从出生就被父亲抛弃，和母亲辛苦生活。他有钱有势，缺一分抚养费不肯出。有的人活着就跟死了一样。有的人想死却是真正活着。生而不养枉为人。,0,0,0,2022-07-30 15:12:13,来自吉林,4428467118280734,公义正义和平
7126163822813266696,作者去养这4个孩子，大家没有意见,0,1,0,2022-07-30 21:56:20,来自陕西,57618198834,天边的云164166710
7126064798039098151,有些难关，熬一熬就过去了！希望大家都珍惜生命，现在这个社会，生养孩子确实是压力很大，要做好规划，只是生活有多难，不是看你有多少钱，是看你的心态有多坚韧！,0,1,0,2022-07-30 15:32:54,来自广东,111579469766,要自己更善良一点
7126095300175201056,这种人啊，只要有人给资助，就敢继续生下去。生育不止是权利，也要认清必须自己养育的义务和责任！,0,1,0,2022-07-30 17:31:01,来自湖北,110806572861,丰月尚明
7126048086841377576,困难都是暂时的——孩子大了一切都会好起来的。,3,5,1,2022-07-30 14:27:12,来自河南,62978231991,行者时兴杂记
7126029045229896460,支持“养不起就别生”。孩子生多了养不起养不好是对孩子严重的不负责任！少生优生幸福一生。,2,141,1,2022-07-30 13:13:56,来自广东,3783748806,骑着蜗牛游地球
7126071720272446241,养不起别生没错啊，难道生一个就是剥夺弱者生育权了？不让生才是好吧。作为小孩哪个不希望降生在富足家庭？你想过他孩子没？,0,0,0,2022-07-30 15:59:55,来自陕西,3742328874347976,在你眼里那一抹光
7126201941541094181,养不养的起我觉得这不是一个可以量化的词吧，主要还是看自己是否对养育一个孩子要求过高。自己有点钱，又想让孩子和其他更有钱孩子一样条件，一个都养不起，自己没钱，又对孩子没要求，大不了回老家对义务教育的，多养几个都没问题。,0,0,0,2022-07-31 00:25:57,来自广东,3755537539794765,尘世背锅侠
7126088914024039200,熬过所有的苦难，最终必有幸福的人生！[祈祷][祈祷][祈祷],0,0,0,2022-07-30 17:06:07,来自湖北,67562264988,汤裁缝阿乐
7126039769083462437,养不起生干嘛,0,45,0,2022-07-30 13:55:05,来自河南,105236907956,热心小红花zl
7126057736194196239,我瞧不起此男子，想当年我父亲三四十块钱，昂，我们兄弟四个，还有我奶奶，还有我妈妈，我父亲的钱是养了七个人呐，他5000块钱养不起四个孩子，我实在想不通，她有什么养不起的，而老百姓说养不起就别生，有什么错误吗？这是最朴素的观念和判断合规劝，没有什么冷漠不冷漠，请不要上纲上线，如果你觉得养不起，我也劝一句，养不起，别生,0,0,0,2022-07-30 15:04:29,来自山西,72887120548,文军
7126151643687207718,尊重你的选择，所以要负起责任！别人没义务帮你养啊[石化],3,116,6,2022-07-30 21:09:26,来自广东,6567218210,梅96353846
7126079154789057313,也不知道作者是否结婚生子，能不能体会到5000工资养4个孩子的压力。养不起看要怎么养，你觉得有钱养出来和没钱养出来的家庭孩子会一样？假如你也是个有生活经历的成人就会明白。看似说得有理有据，实则一点实用价值也没有，真有点看客的意思。你好像一点都没看到一个成人的生活压力。,0,0,0,2022-07-30 16:28:17,来自山西,6894493930,笙落歌
7126061517681771304,这男人的状态就是养不起了，现在养小孩成本真的很高，一个月才5000，为什么要生4个，生了孩子就要对孩子负责，咬紧牙巴都要走下去。,0,1,0,2022-07-30 15:19:06,来自重庆,1191201845,红莲绿荷
7126055710533632801,我的一个朋友，早三十年就只生了一个女儿，那时的他也是成功人士，到处旅游，看到太多小孩家里不是好环境，跟我们说给不了孩子较好的生活学习环境就不是多生，把精力财力尽量培育好一两个更理智,0,0,0,2022-07-30 14:57:14,来自广东,75581757703,非凡溪流Ik
7126029655769367333,国家应该出手帮扶，难得有愿意生的也算对国家生育率低做贡献了,0,6,1,2022-07-30 13:16:03,来自北京,58327349901,橘座团团mm
7126111487202099982,养不起别生，这话多现实，反而媒体说的指责不如助人，有很大问题，真正需要帮助的人很多，像这种不是养不起孩子，只是生活压力大，生活压力大那就努力去改变啊，依靠别人的帮助不现实！,0,2,0,2022-07-30 18:33:32,来自山东,3513694976742036,县级小民
7126307597090784033,不是指责，是希望你量力而行，不要做不负责任的人,0,1,0,2022-07-31 07:15:29,来自浙江,2938371744989295,运河文化带
7126083151633662720,这个收入生两个也就罢了， 自己难道不清楚自己的家庭收入，非要生四个，生的起养不起为啥要生？,0,1,0,2022-07-30 16:43:09,来自青海,4259712147,马黑蛋是条小黑狗
7126055698773066536,养不起就别生，，这句话说的没毛病呀,1,25,0,2022-07-30 14:56:35,来自黑龙江,54944049074,萧彦钧
7126310293604631336,养不起，还生四个，网友没说错啊！,0,0,0,2022-07-31 07:24:42,来自安徽,108619028011,一直特立独行的狐
7126185590634349345,作为准父母，在要孩子之前是否想过要给孩子什么样的生活呢？如果想过，那依靠你们的能力能养几个孩子你们应该比谁都清楚吧？如果你们没有设想，顺其自然有几个要几个，那养不起的后果应该由谁承担呢？社会上有很多做慈善的，他们在你困难时能给予你经济或者物质上的帮助，但是这样的帮助能不能陪伴孩子成年，再说想获得帮助，一个生太多养不起的理由是不是自己说出来都感觉无力呢？所以孩子不是父母狂欢后的奖品，越多越好，孩子是考验父母责任心的试卷，这张试卷上面的题很多，需要父母用几十年来解答，所以希望所有即将迈入为人父母的行列前的夫妻，先把这份试卷看清楚想明白再交卷吧，毕竟卷子交上后，答案再也无法更改了。,0,0,0,2022-07-30 23:21:41,来自河南,3101037854207019,爱薇杂谈
7126211759643673385,好多国家一人工作养活全家是怎么做到的？,2,46,0,2022-07-31 01:04:15,来自甘肃,1877584939063500,不是用户名嘛
7126177935765127972,“养不起就别生”应成为当今年轻人的基本觉悟！,0,1,0,2022-07-30 22:51:18,来自广东,1116700935731508,無暇赴死
7125706048689767176,养不起就别生，不是冷漠，而是一种负责的态度,0,56,0,2022-07-29 16:20:01,来自北京,7671915903,雨沁丹荷
7126061622112191247,生是本能，生了必须养这个道理不用人教吧？生了难道让别人、让社会养？为人父母必须对孩子负责也是对自己对社会负责。,0,1,0,2022-07-30 15:19:45,来自上海,104346459414,梦醒半夜听雨
7125714700574573349,月入5000养4个孩子，在现在就是养不起。小编难道不知道吗？,0,12,0,2022-07-29 16:53:47,来自广东,84382518350,奋发百灵鸟4d
7126120003677848324,为人父母，成年人应该知道自己的责任和担当，既然生了四个孩子，就应该承担责任，爱护、教育和培养孩子健康长大，才是最重要的。,0,0,0,2022-07-30 19:06:45,来自黑龙江,63527233920,精致888
7126137097589211940,无非一碗粥分成四份让孩子先吃饱然后再父母。没有养不大的孩子只有不会带的父母，最关键的是不要与攀比物质教会自己的孩子比的是学习与德智体上强过比自己物质上强些的……这样孩子自然也能明白父母的不易,0,0,0,2022-07-30 20:12:49,来自浙江,81884036787,78495289
7126178428629631759,旧社会有卖孩子的有送孩子的，也有乞讨养孩子的，但是真没听说请大众帮忙养的。,0,2,0,2022-07-30 22:52:48,来自黑龙江,109496424876,锦绣灬红颜
7126040006690865931,黄教授，你有帮过几个＂养不起＂的人？,2,37,0,2022-07-30 13:56:36,来自广东,57638088190,无聊就玩乐
7126057551510537000,救急不救穷是老话，养不起还真的别生，何苦为难自己呢……,0,1,0,2022-07-30 15:03:51,来自湖南,2604082751343112,正哇咔咔
7126073598095541032,养不起真的别生，作为父母要将一个生命带到这个世界的时候要为这个生命负责，这是社会发展到现在底层穷苦人民需要思考的现实问题，如果你的孩子生下来就缺少正常的教育成长资源那么孩子长大后的日子也不太会过的好,0,1,0,2022-07-30 16:06:00,来自甘肃,1613724963839629,柴大官人
7125708229706859299,信不信作者一个人都坚决不帮,3,8,0,2022-07-29 16:28:09,来自黑龙江,101282377331,不日天书下九重
7126299386195788582,我既不指责，我也不帮助，更不会结婚生孩子,2,0,0,2022-07-31 06:44:06,来自安徽,110942046235,青灯残卷
7126211008368050983,也许有些生活不是自己能选择的，但生孩子绝对是自己可以选择的，既然选择了生四个孩子就要做好承受一切的准备！,0,0,0,2022-07-31 01:02:50,来自云南,63551816704,似水流年209322871
7126081898270655247,一个男人，5千一个月的工资，和妻子生了四个孩子，养不起了，想轻生，还打电话给警察[我想静静]滑天下之大稽[微笑],0,0,0,2022-07-30 16:38:14,来自浙江,6819264662,空山新雨sy
7126078697286845216,凢事都要量力而行，轻生解决不了问题,0,0,0,2022-07-30 16:26:35,来自湖南,104993484742,灼灼其华278
7126109189939970850,"如果是十年前，会是一边倒的批判。
但是现在生育率低，中国缺人啊，生四个孩子，社会应该允许才好。",2,0,1,2022-07-30 18:24:07,来自广东,6035093966,帅帅16
7126067352739021605,"养不起就别生
对自己，对孩子，对社会，才是负责任",0,1,0,2022-07-30 15:42:15,来自安徽,110484876905,懒猫船长
7126092196016816930,自己贫穷也不会给孩子带来好的生活！真的是越穷越生啊！,0,2,0,2022-07-30 17:18:13,来自安徽,734100504714024,理临宝贝宝贝
7125704143755002661,谁能配说一句 自己不是金钱的奴隶？,2,10,1,2022-07-29 16:13:02,来自贵州,11555419290,说话太世俗
7126054678550332198,生一到两个养不起还真不能说养不起就别生，但你生的是4个一般的家庭还真养不起，何况一个月才4.5千的工资，难怪网友喷你,0,1,0,2022-07-30 14:53:25,来自福建,3689604015983447,正能量明月oJ
7126133928620065540,真的是养不起就不要生，不是一种歧视，而是一种负责任的态度,0,1,0,2022-07-30 20:00:25,来自四川,70801590590708,清新晚风e
7126166915399090948,个人觉得话糙理不糙，这个家庭是为了要男孩才生四个还是另有其因，既然生了就要对孩子负责。责任二字当初考虑过吗？,0,1,0,2022-07-30 22:08:20,来自湖北,3861924672972782,淡定西柚rN
7126117429482521356,跟具自己条件,1,2,0,2022-07-30 18:56:52,来自内蒙古,53054303494,坚持到底张杰
7126081022776836901,为什么生4个孩子，生的时候没有想过吗,0,1,0,2022-07-30 16:35:12,来自江苏,106054210622,70后美好生活
7126063885731709735,“养不起就别生”，这句话没毛病！是理性也是责任！,0,2,0,2022-07-30 15:29:13,来自四川,5704038540,MayRui
7126126660147282695,希望作者有大爱，帮助他养4个孩子,0,1,0,2022-07-30 19:32:22,来自河南,2840769723906382,单纯小红花Rk
7126210402690171685,生那么多干嘛？,1,23,0,2022-07-31 01:01:08,来自广东,3505669728108744,顶级梦想家H5
7126046361963447080,五千块钱养四个孩子养不起，压力大，的确压力大，压力大在于对于生活质量要的提高，别人顿顿吃肉你也想顿顿吃肉，别人上辅导班你也想让孩子上辅导班，别人买十块钱一块的雪糕你也想买，但是自己的工资只能给孩子两天吃一顿肉，不能上辅导班，只能吃一块钱的雪糕，生活质量得不到提高罢了，养活还是不成问题的，能在农村生活就不去城里，不去在乎这个教育水平，现在九年义务教育，有学上就行，也不去在乎穿着好看高档，不想这么多，活着就行，养五个也不成问题…,0,0,0,2022-07-30 14:20:31,来自山东,624936693543924,聊城路人
7126060094344708905,意思是以后养不起孩子可以让别人捐助？谁的钱都不是大风刮来的，他是生完孩子才知道自己挣的少吗？,0,1,0,2022-07-30 15:13:30,来自甘肃,78112285131,九重天
7126017619106611975,这不是连最起码的现实都认不清吗？养孩子需要费钱现在还能有人不知道？,0,31,0,2022-07-30 12:29:10,来自江苏,4424083751579031,就特喵你叫夏洛
7126079960397316895,正确，没本事挣钱人，生子不限制。,0,0,0,2022-07-30 16:31:07,来自福建,106722741187,用户9046992770706何
7126068234176054019,熬过去，四个孩子人间至福,0,0,0,2022-07-30 15:45:52,来自辽宁,62121768520,OKOKOK
7126201872335143693,关键我不仅怕他养不起 而且怕他没精力教养最后危害社会,0,4,0,2022-07-31 00:25:35,来自北京,84984359323,不想说话又看不下去
7126072328236499744,养不起就别生。这话正确支持[赞][赞],0,0,0,2022-07-30 16:02:10,来自福建,5796143646,顺丽age5
7126067255770874627,养不起就别生这句话，一点都不错，自己都过不好，为什么要让孩子又来受苦？,0,0,0,2022-07-30 15:42:02,来自上海,51222013620,真诚辰星K
7126074351341847330,我觉得养不起就别生那么多，对自己负责也是对孩子负责。,0,1,0,2022-07-30 16:08:42,来自安徽,1050747849686724,听这一季春雨
7126038949059134246,说的有毛病吗，养不起为啥生那么多,0,89,1,2022-07-30 13:52:12,来自江苏,52557758518,九亩桂香田
7126074353670177544,现在养一个孩子要花太多钱了。,0,0,0,2022-07-30 16:09:35,,361061960655395,完美河流0T
7125743269451006732,还是少生点好，优生优养。,42,1540,7,2022-07-29 18:44:44,来自云南,179962285916734,枫zhi韵
7126070439436632835,现在鼓励生育的意思就是，养得起养不起的都生，只要愿意生。,1,4,0,2022-07-30 15:54:45,来自重庆,4098578732294880,穿越雾都
7126166090165633825,生太多啦，俩就行，我和老公都是教师只生了一个女儿，不敢多生，一没时间带孩子，二没精力陪养，只生不陪养等于耍流氓,0,0,0,2022-07-30 22:05:19,来自河北,1780854895942995,正能量金桔Nt
7126140388515758855,有个人能力问题，也有外部环境因素，现在养孩子多贵，教育还好，孩子生病了就麻烦了，小病没事1000左右解决，大病就完了，压垮一个家庭。最后最少有一个成人照顾孩子。人力物力财力时间等成本大了去了。,0,0,0,2022-07-30 20:25:36,来自陕西,2260195353307568,淡泊的糯米DP
7126093653575172894,穷人生孩子，让富人养。[捂脸],0,0,0,2022-07-30 17:24:10,来自江苏,109662591100,wzp181
7126071751573832448,所以说生孩子前还是要再三考虑，到底将来能不能养的起，能养起几个孩子！,0,0,0,2022-07-30 15:58:45,来自江苏,2920725282060655,xiaomin66
7126054445380535071,我觉得没有错吧，收入低还生那么多，本来就是对自己对孩子的不负责任，现在养孩子也不像七八十年代那样吃饱穿暖就行，经济条件不好生一个就行了吧,0,1,0,2022-07-30 14:52:00,来自河南,149147988803416,凌青袊
7125716259416769319,养不起就别生，这不是冷漠，这是对生命的负责,0,14,0,2022-07-29 17:00:07,来自辽宁,83267809157,爱吃烤串
7126302874879214368,现在的人已经失去了做人的人性了。富的为富不仁，穷的不懂得感恩,1,3,0,2022-07-31 06:57:21,来自甘肃,23669101384,老大147882941
7126060860967174916,作者应该反思为什么大部分人都不认可你,0,1,0,2022-07-30 15:17:24,来自海南,637342860190924,小人物12345678901
7126069502193828643,"对待一个有轻生想法的人，就这么直接的吗？就像看着楼顶一人即将跳楼，不是应该好言相劝吗？网络发言不是虚拟的游戏，网络不仅不应是法外之地，也不应是情外之所，请给我们的网络一些温度，不要把它当作你发泄个人不满情绪的垃圾场，那样做不仅没用，也会给你自己和他人带来更加负面的情绪。
行善，如春园之草，不见其长，日有所增；
行恶，如磨刀之石，不见其损，日有所亏。
慎为之[祈祷]",0,0,0,2022-07-30 15:50:01,来自安徽,2875973849058111,巛正义凛然铅笔刂
7126187718652510989,越富越不能多生，越穷越的多生。独生子女家庭，说白了就是自私自利的，自己为了过的舒服，就把所有的压力给了孩子。独子成年后，将来一人养七口人，月薪一万也养不起，最后都得活活穷死。三个以上孩子家庭，将来能相互有照应，每人给父母1000，就有3000，老人过的也舒服，子女压力也小。,1,2,2,2022-07-30 23:29:58,来自安徽,3284984577,低调赵天霸
7126076158168630057,生孩子是个人，社会，国家共同的责任，我们爱孩子，想生；我们想养老终，想生；我们想生命的延续，想生；我们为社会为国家的发展，所以生。赞成生却生不起，唉😮‍💨,0,0,0,2022-07-30 16:16:02,来自重庆,5455054626,华无缺55411928
7126138757623530275,现实太残酷了，一分钱难倒英雄汉,0,0,0,2022-07-30 20:18:50,来自湖北,2022693050264416,安逸喜鹊Wh
7125715281183343375,只要是人就有生育后代的权利，谁也没权指责。但是在现实的社会中明明连自己都养不活还非得生一大堆孩子的人还真不值得可怜。,0,12,0,2022-07-29 16:55:26,来自吉林,79139570455,飞扬非洋
7126071302993052427,这话没毛病 我养一个都是全家老少在忙活 他一个5千元想养四个 自找的不同情,1,9,0,2022-07-30 15:57:42,来自甘肃,52260747063,古月Hj
7126076641801290533,"养不起就别生那么多！
这是真理！支持媒体！",2,11,1,2022-07-30 16:18:15,来自河南,311903386344558,随性随缘678
7126061740814549792,不知说/什么好了，这样家庭环境中的孩子，受教育的程度一定是有限的，我的想法没能力养那就不生。免得下一代走自已老路，只能坚难的活着。而不是生活。,0,0,0,2022-07-30 15:20:51,来自吉林,2384195577448040,用户鱼的记忆ABC
7126132390141199137,救急不救穷，你想人们怎么助他？养不起就别生哪里错了？量入（收入）为出（生孩子）不对吗？,0,0,0,2022-07-30 19:54:52,来自江苏,3337758233607582,端庄优雅柑桔I
7126066985527509797,现在是99.9%的人，一出生就注定一辈子要过什么样的生活了，想着多生孩子，靠孩子翻身的思想，还是歇歇吧,0,0,0,2022-07-30 15:40:41,来自安徽,64859945577,练废的号
7126300610060141320,养不起就别生是大实话，为啥不能说，要是人人都有这个认识，哪有那么多烂事,0,0,0,2022-07-31 06:48:29,来自北京,729711548326702,枫丹白露May
7126055632817685280,养不起别生 是一种善良 人性,0,1,0,2022-07-30 14:57:07,来自云南,9339481868,秋起有舍有得
7126076013075432229,有能力就生，没能力不生！也赞成小编去助人！！不过我也赞成养不起别生。,0,1,0,2022-07-30 16:16:02,来自广西,6721062710,青山有影
7126049619473498883,没有好的保障制度，普通家庭的孩子如果有一天突然失去爸爸或妈妈，孩子的生活将会是什么样？我的儿子就体会了这一点,0,0,0,2022-07-30 14:34:00,来自辽宁,1007573334764547,孤勇者9
7125713594868253474,生了就咬牙养，别整没用的,0,10,0,2022-07-29 16:49:18,来自山东,88611134329,蓝天白云
7126061113339003656,所以呀，都不敢结婚养小孩了，真的养不起，我都后悔了,0,0,0,2022-07-30 15:18:13,来自江苏,1701653779055196,吴阿姨666
7125978300228649761,我们谈的养得起是要有质量的养，不是养猪，即便养猪也是要成本的。养不起当然就别生啊，难道个个都指望自己生了让别人养？真是笑话。再说，就算养的起的，现在也少见有生十个八个的吧。如果这种情况普遍的话，那真是我孤陋寡闻了。,8,356,1,2022-07-30 09:55:52,来自四川,55242110069,柠檬香43
7126186098929566504,别人不会为你的贪婪买单,0,1,0,2022-07-30 23:22:51,来自河北,87136912032,珍珠WP
7126047300635771660,"当然养不起不能生,看看孩子不可怜吗?这孩子一出生就输在了起跑线!现在做什么不需要钱?",0,13,0,2022-07-30 14:24:51,来自湖北,50029631872,迷你卫生巾
7126078922290725643,国家提倡只生一胎好时有奖励，现在提倡生二胎三胎，也应当有奖励！,0,0,0,2022-07-30 16:27:38,来自山东,92771637563,满天霞639
7126057191480034083,确实是养不起嘛，5000养自己都勉勉强强，有点责任心的也不会生这么多,0,0,0,2022-07-30 15:02:30,来自陕西,3073835112345027,卺卡卡
7126054381396427552,"现在不是60 70年代 填人填筷子的时代了 
也许是重男轻女思想在作祟 敢生 月工资5千 
自己选择 挺挺就过去了",0,0,0,2022-07-30 14:52:11,来自四川,6300027963,巡洲
7126075815309804288,大家的点主要在于“四个”，然后自己负担不了，想让社会帮忙负担，凭什么啊？如果一个两个或者四胞胎的话，大家反应不会这么大。,0,1,0,2022-07-30 16:14:46,来自福建,4581175862,祖东瓜子
7126066978041250572,说的没有错，别找好听的说，生几个孩子的确的考虑一下自己的实力，孩子多了到活不下不去的地步谁能替他去养，,0,0,0,2022-07-30 15:41:18,来自山东,5743942165,回归自然62545014
7126028615027852067,孩子多了养不起这确实是现实，国家鼓励生育，却没有相应的优惠政策，只能说说尽力而为。,3,22,4,2022-07-30 13:11:17,来自甘肃,3168942281,二热
7126267611704623913,养不起就别生也这句话没恶意没毛病啊,1,15,0,2022-07-31 04:42:23,来自江苏,3302551584770792,纯情男生ztg
7126227970469544717,人要为自己的行为负责 没那个能力为啥要生那么多 这话没毛病,1,28,0,2022-07-31 02:13:18,来自湖北,3694282222,cwus
7126226678602695427,没毛病，搞得孩子也没生活质量，,0,0,0,2022-07-31 02:08:54,来自河北,6050132980,嗖米嗖拉发
7126042707725894400,生不起就别生是大实话，生活还得柴米油盐酱醋茶，生下来降低生活质量的同时也是对孩子的不负责任,0,31,0,2022-07-30 14:06:13,来自甘肃,70087231632,西北洋芋蛋1
7126149852794995463,对生命要有敬畏，有多大的能力做多大的事儿。,0,1,0,2022-07-30 21:02:31,来自北京,2154688851738863,用户心随花开
7126298099857326855,屏蔽真实是不道德的行为，必须认识到这一点！,1,4,0,2022-07-31 06:38:40,来自上海,51181480621,同胞就要相爱
7126175929365873439,这如意算盘打得真响，我既不落井下石，但是也不会帮助，自己都水生火热。你既然选择生四个，不得自己背负起这个责任，社会其他人士也不是他的爹，你说大病急病，呼吁一下捐款倒无可厚非,0,6,0,2022-07-30 22:43:53,来自广东,111552752028,人生多艰苦中作乐
7126059344965911309,养不起就少生，这是明智的选择，让那些有能力的又愿意生的人去生吧！,0,0,0,2022-07-30 15:11:23,来自四川,369911920605475,优雅海洋Vc
7126187093726135040,一套房子就已经压力山大了，其他不要说了，一套房子毁了人的希望。,2,50,0,2022-07-30 23:26:46,来自江苏,70509388050,小松224135958
7126078503283770152,没经济基础真不能生那么多，现在生活压力大，教育经费贵,0,0,0,2022-07-30 16:25:11,来自湖南,2312966350307982,雯雯的轩宝贝
7126065532419687209,成年人最好的自律就是不随便结婚和生孩子，我也是婴儿时期到现在成为父母一路过来的，童年的不愉快需要一辈子去修复，现在自己成为母亲了，很努力的成为一个合格的家长。,0,0,0,2022-07-30 15:34:49,来自北京,3807000274,丢麻麻
7126109734830883624,我同意“养不起就别生这么多”，你一定是要结合当下的孩子生活成本和自己的收入情况来决定。,0,1,0,2022-07-30 18:26:22,来自广东,62270153948,深港爱情线
7126172240563307268,养不起，别生，不算指责。这是量力而行。,0,6,0,2022-07-30 22:29:32,来自重庆,1517741521508080,怎能错过
7126208781935166223,生这么多孩子国家应该奖励,1,20,1,2022-07-31 00:52:08,来自湖南,3012310349911703,远见卓识枫叶H6
7126073168322347811,穷人配生孩子吗,0,0,0,2022-07-30 16:04:28,来自广东,6930067990,没必要回头
7126257241308824361,德国爱生因为生孩子发钱，印度爱生，生孩子也发钱，而且孩子上学给妈发钱不说产假三年，还一直免费上学,0,0,0,2022-07-31 04:03:49,来自北京,75427465072,漂流瓶rE
7126198807301374732,撑过苦难就是人生赢家，这句话有道理。,0,1,0,2022-07-31 00:14:00,来自四川,55025748567,zt水寒风似刀
7125715166741807905,养不起就别生没毛病啊,0,7,0,2022-07-29 16:55:50,来自海南,104965979949,元气春风r5
7126136763516617507,是的、养不起别生，只生一个小孩也行啊。,0,6,0,2022-07-30 20:10:55,来自新疆,5751418938,小朱佩琪专业护肤
7125712737887732492,我觉得这话没毛病啊！,0,9,0,2022-07-29 16:46:31,来自江苏,100719645324,红袖添香1389
7126079745502053155,这年头谁都不容易，作为一个成年人为自己的行为负责，自己的屁股自己擦。别人没有义务帮你。,1,1,0,2022-07-30 16:29:49,来自陕西,58511949028,小九阳旭日
7126165986697020201,同情和宽慰的话，谁都会说，可是有用吗？能解决实际困难吗？,1,74,1,2022-07-30 22:04:31,来自辽宁,98355606293,智慧冰淇淋WX
7126061767163872007,这可能不是指责而现实,0,0,0,2022-07-30 15:20:52,来自安徽,91815277659,观喵
7126061421330662144,说的没错啊，养不起就别生。,0,1,0,2022-07-30 15:18:49,来自四川,50888391249,巴厘岛的钓鱼猫
7126217668088529679,养不起就别生，这话没毛病,0,0,0,2022-07-31 01:28:06,来自上海,81006063887,木木紫云
7126037736246559529,他想过孩子未来的尊严吗,0,18,0,2022-07-30 13:46:37,来自浙江,3856724295428292,培楠的修行人生
7126072906949886760,现在的不少人真的是管太宽，我家俩娃，结果带孩子上超市，竟碰见一个营业员撇着嘴说，真有钱，生俩孩子，我又没吃她家米，她管我生几个呢，还撇嘴，真气死我了,0,0,0,2022-07-30 16:03:25,来自辽宁,105237833305,岁月安好6042
7126057447113900832,"认同“养不起就别生，生了就努力好好养大他们“
自己什么实力不知道吗 ？",0,1,0,2022-07-30 15:03:49,来自陕西,75746402276,蓝色菠萝467
7125705921891779336,这句话没错，成年人，自己做事自己当,0,30,0,2022-07-29 16:19:35,来自北京,55770191188,我吃肉边菜
7126068110729315084,养孩子之前，没有考虑自己的经济条件，抚养能力。,0,0,0,2022-07-30 15:45:24,来自山东,1895193424704443,爱生活的阳光教育
7126187507297223458,阿里有疾苦？张维维说的好的不得了。,8,12,0,2022-07-30 23:28:27,来自广东,827306020707944,辰龙游海
7126025988563157796,生与不生？？？当下活着真不容易啊！,0,0,0,2022-07-30 13:01:46,来自江西,52482910388,爱的花一一朱旻
7126119101017162504,[捂脸]我是支持养不起别生的，生育权可以有，你养不起就想着轻生，到底最后谁伤害谁了,0,0,0,2022-07-30 19:02:52,来自广东,4107736535,彭仔33481028
7126065353704768271,从养不起就别生到道德层面，到底是谁的错，没有。这或许就是人性的写照，人活着到底为了什么？特别是最平凡的人，获得什么失去什么得到什么为了什么？净化了灵魂吗，好像染了更多的凡尘！,0,0,0,2022-07-30 15:34:12,来自安徽,2700004396110567,蚂蚁蚊子不打架
7126113573541282600,本来就是，生那四个！孩子大人都受苦。,0,0,0,2022-07-30 18:41:01,来自天津,105149036335,就喜欢下雨天
7126077834326016781,话糙理不糙，落地很现实。,0,1,0,2022-07-30 16:23:04,来自陕西,2981468336033559,敏锐辰星Vl
7126102864237298447,没有规划！盲目生，养不起，压力大,0,0,0,2022-07-30 17:59:32,来自山东,105858494462,红石来了
7126061138911691533,孩子是无辜的！养不起真不能生！,0,1,0,2022-07-30 15:18:15,来自河南,2282175820470222,冰凉的世界
7125712482639266592,没钱，夫妻感情不好的，生孩子请慎重。,0,9,0,2022-07-29 16:45:40,来自河北,51047895595,杨胖子的平凡生活
7126218725841355533,对，养得起随便生和养不起就别生，其实这些都是生活经验之下的潜台词，怎么能赤裸裸的讲出来呢？有违社会和谐呀,0,0,0,2022-07-31 01:33:46,来自北京,3544447807138670,1966856794
7125710320961733384,这并非冷漠无情，而是真诚地劝告。,0,11,0,2022-07-29 16:36:40,来自山东,103431261114,历下邑
7126056143357133609,养不起就别生，这从来都不是理由，因为这就是真理。[思考],0,20,0,2022-07-30 14:58:30,来自山东,105036628021,聪颖生活家A
7126266365010527015,自己生了就好好扶养，国家也需要！,1,4,1,2022-07-31 04:41:21,来自江苏,50631053901,小雨点274306221
7126180938602119948,我觉得这句话本来就没毛病，他不是一个孩子而是四个，既然生了就要对孩子负责，现在不是说该不该生的问题，而是考虑如何控制生活成本又不委屈孩子，尽量提高生活质量。,0,1,0,2022-07-30 23:03:38,来自重庆,3518036675398583,一尾鱼痕
7125687281532977935,现实世界就是没钱不敢生。经济基础的确决定了很多东西。,0,34,0,2022-07-29 15:07:03,来自安徽,51452900675,天空飘来五个字灬
7126031473349526303,养不起别生，这句话没毛病,0,2,0,2022-07-30 13:22:48,来自山东,7013295959,每日爱播
7126067488550847264,养不起就别生这句话有问题吗？财富状况不是决定生育权的唯一标准，但是肯定是生育的重要考量指标。,0,1,0,2022-07-30 15:43:22,来自湖北,59189220451,韩员外1231
7125706464722977571,普通人的孩子就是在重复父辈的苦难而已,0,14,0,2022-07-29 16:21:23,来自上海,1376211142452782,williamBirkin
7126129557199340329,养不起就别生，太冷漠了，无情无义之人。,0,0,0,2022-07-30 19:43:09,来自江苏,72651366000,深海夜猫子
7126066138501022468,值得同情，但是转身想一下呢，生了养不好，对孩子不负责,0,0,0,2022-07-30 15:38:02,来自山东,3293782009979212,青青
7126056088499700495,“养不起就别生”没有说错呀，难道生出来就不负责任推给国家吗？,0,1,0,2022-07-30 14:58:02,来自上海,52507816736,端庄小红花jI
7126282793549677353,就怕那些亊不关己高高掛起还冷潮热讽的人,1,3,0,2022-07-31 05:39:10,来自北京,3403691046469645,理智生平
7126240619806376744,凡事都要量力而为，没有能力扶养，而无节制的要这么多孩子，就是对孩子的不负责任，现在国家也没有鼓励要这么多孩子呀，自己的事，自己想办法解决，别人凭什么帮助？,0,0,0,2022-07-31 03:00:13,来自辽宁,99228186999,lfd7l9G视映
7126310971865973545,我还是认为养不起就别生，是不拖累社会，是对得起子女父母，也是对自己负责,0,0,0,2022-07-31 07:27:30,来自广东,2458112113772493,老南南瓜
7126207609971032871,人性善良在于会推己及人将心比心，居高临下冷漠无情的人已经失去了做人的本性,0,0,0,2022-07-31 00:49:24,来自湖南,93010221911,风行天下wzg
7126217191808271104,没钱生4个孩子干嘛费解,0,0,0,2022-07-31 01:25:49,来自湖南,61884111158,热情的豆花DB
7126291133482746665,应该好好问问为什么普通人养不了家?,1,5,0,2022-07-31 06:10:41,来自山东,23876933714,怪人无极
7126064021912666880,多生孩子的确要慎重，否则就是对孩子的不负责任,0,1,0,2022-07-30 15:29:05,来自江苏,927597984757956,聪颖湖泊hw
7126056860024963878,养不起别生这句话就是人间真理，支持！,0,1,0,2022-07-30 15:01:55,来自云南,53387597655,砥砺冲锋
7126073704970453800,“养不起就别生”可以正面理解是量力而生养（四胞胎除外）。压力大 释放一下也可以理解，但是男人不能逃避，既然生了，就要养。不能富养，可以穷养。,0,0,0,2022-07-30 16:06:25,来自山东,92722853092,天方夜谭明
7126100640014942991,旧中国农村的祖父辈一对夫妇大多养育七八个甚至九个十个也能养得起，何妨今天社会保障这么好。我看他主要不是养育孩子问题而另有更深层次的原因。,0,0,0,2022-07-30 17:50:58,来自广东,65274088264,乐天派芒果Zh
7126233007719334695,说的没错！但是现实太残酷了！！！,1,6,0,2022-07-31 02:33:31,来自江苏,1226650662996712,深秋滴黎明
7126038489010979624,就是，我网赌欠了30个，个个都知道指责我网赌，而每一个来帮助我,5,10,2,2022-07-30 13:49:42,来自福建,93763235052,易十三哥
7126062362922173225,富有富养，穷有穷养[捂脸][捂脸][捂脸],0,1,0,2022-07-30 15:22:26,来自广东,100464040323,clz你有故事
7126122036652491555,还好他想轻生都告诉别人，不然那几个孩子真的无幸了，,0,0,0,2022-07-30 19:13:54,来自广东,89865526919,圆百里
7126076531348636448,授人以鱼不如授人以渔,0,0,0,2022-07-30 16:18:15,来自湖南,94647047872,喜木爱游游
7126049100441109282,现在生活本来就非常的不容易了，对于生孩子这件事情必须要警慎选择了，最起码你要对这个孩子的未来负责才行，不然你还是,0,0,0,2022-07-30 14:31:02,来自广东,276689279004203,梅蕊聊成长
7126064281996673805,养不起就少生，这句话没有毛病，同时这句话并不认为有另一面：养得起就多生。当今社会把孩子生下来可不仅仅是养大她们。,0,1,0,2022-07-30 15:30:22,来自江西,104180866967,云中鹤3637
7126122848548520736,本来就是！一些能力差的父母就不该生，害人害己！凡事要量力而行！所有人都这样不考虑后果，多生孩子以后不都是国家的负担吗！,0,1,0,2022-07-30 19:17:57,来自湖北,56138841271,淡泊果心居士
7126081340382036740,自己选择的路就是跪着也要走完！[鼾睡]《养不起就别生那么多》这句话难听但是当今社会个人感觉很现实[抠鼻],0,1,0,2022-07-30 16:36:48,来自北京,5667626869,李国栋61167334
7126054839784112909,我赞成这句话，养不起就不要养，能生就要养，这是当今最现实的话。,0,1,0,2022-07-30 14:53:51,来自黑龙江,2761565266252920,缤纷星星Iq
7126039995370423077,说的没毛病，能力不足，要求颇高，完全就是不负责任的表现,0,21,0,2022-07-30 13:56:07,来自山东,2340183823617304,地道汶上人
7126294464016188195,指责别人的人逻辑有问题，人家是生活才遇到问题，生了已经成事实。,0,0,0,2022-07-31 06:23:49,来自广东,97430715548,萌猫的尾巴
7126061319555515172,我个人觉得两个孩子其实比较正好，条件一般的话，再多了真的压力会巨大，毕竟现在很少有随随便便养活孩子就行了的吧,0,1,0,2022-07-30 15:18:40,来自辽宁,2093885341832152,日月星追剧
7125949639865877256,我到是此话有道理，养不起就别生了，告诉你要量力而行，超越自己可承受的能力，岂不害己害人？,0,5,0,2022-07-30 08:05:20,来自江苏,5756458672,倚梦闲话63233292
7126282347045110543,养孩子的确需要负责人的！自食其果！,0,0,0,2022-07-31 05:37:33,来自青海,3158571737,飘雪7529802
7126066816954237734,建议老板快快给该男子加工资，帮助他度过难关，别人鞭长莫及，再说这种情况也不是个别现象，马云的能力也够呛能覆盖过来。,0,0,0,2022-07-30 15:40:38,来自山东,86992070196,赤脚翁
7126067010957820707,这句话没说错！！！这算被人骂~我还是要说~都求人还说没错！既然媒体这么正能量！孩子你养就是~,0,1,0,2022-07-30 15:40:33,来自广东,6695100362,空虚一世
7126196875010867980,对，活着就对了，没有过不去的坎。,0,0,0,2022-07-31 00:06:23,来自河北,98986939987,梁子8946
7126046200394515214,我觉得生小孩需要根据自己自身阶段去衡量，目前经济能力差的时候就先挣钱，选择先生一个，等过几年自身经济情况好点再看看是否要个二胎，孩子尽量给他们更好的环境和教育，自己能力差以为生一群小孩能改变命运？现在这个社会如果自己没能力生再多也没用啊，,0,0,0,2022-07-30 14:20:16,来自上海,4064046211,简道文化传播老戴
7126028478000186152,孩子多了养不起这确实是现实，国家鼓励生育，却没有相应的优惠政策，只能说说尽力而为。,0,1,0,2022-07-30 13:10:53,来自甘肃,3168942281,二热
7126056264534065952,我穷，所以我猛生孩子，因为生孩子赚钱。会有人帮我养。不帮我养就是社会冷漠。嗯嗯。,0,2,0,2022-07-30 14:59:22,来自山东,2946546728,兔儿爷呀嘿
7126059345493934879,这个社会的现实的确残酷，经济基础决定上层建筑，生养孩子是一个家庭的上层建筑，所以要度量自己的经济基础呀！,0,5,0,2022-07-30 15:11:00,来自山东,111040570083,散人呵呵
7126057455653651215,认知自身很重要！住不起宾馆我住小旅馆！买起别墅我买小点的住！人做事还是有必要审视自身环境！,0,0,0,2022-07-30 15:03:27,来自云南,5791202092,海佳水
7126086469332370187,人生中大多数苦难都是自己的性格造成的，不要怨天尤人,0,1,0,2022-07-30 16:56:45,来自湖北,107953017872,我的200238
7126070531643687720,养不起就别生，这句话有毛病吗，谁不希望家人孩子衣食无忧，受良好教育，有医疗健宝条件，然而，就像我不是药神上说的，穷就是原罪！,0,1,0,2022-07-30 15:54:03,来自广东,1547742147259005,enjoily
7126067192760058664,我也支持养不起就别生那么多。自己图一时之快生那么多，让社会帮他养娃，娃大了给他养老，自私。！！！！,0,8,0,2022-07-30 15:41:15,来自湖北,105141593982,好运气8888
7126115354438894349,个人觉得，要孩子量力而行，你生了孩子你得把他养大成人，孩子的各种花销确实很多，生之前就应该考虑好，而不是生了四个了才感受到压力山大。养活四个孩子简单，你要能把孩子培养的各个优秀就难了,0,0,0,2022-07-30 18:48:39,来自山东,108475585520,冷风晨雾1
7126127903230133007,养不起生出耒对娃的伤害。,0,0,0,2022-07-30 19:36:48,来自浙江,50375203987,喜庆的海浪dn
7126072130873148199,呵呵，这世界不容易的多了，困难的人也多了，每个人的苦难都有人给解决吗？少点道德绑架吧,0,1,0,2022-07-30 16:01:07,来自北京,43614590218295,热血青年来宾6T
7126054799359476516,世界上那么多人，怎么帮的过来，指望别人帮你还不如量力而行,0,0,0,2022-07-30 14:53:33,来自陕西,3891926625434668,25897333
7126072735276843809,生的时候不计后果，养不了了就一哭二闹妄图把自己责任转嫁给社会，这种人我们凭什么为他们买单？,0,1,0,2022-07-30 16:03:30,来自河南,918827713173372,躺平赚钱的我
7126179906559968041,媒体应该呼吁国家给予他们帮助。,0,0,0,2022-07-30 22:58:44,来自葡萄牙,3917816378,葡村
7126058145432650507,坚强是根基。过去我们父母自己都吃不饱饭还能养育了我们四个娃，邻居一家12口人就靠瞎爸爸磨香油也都长大成人了。现在还是心里压力和环境压力大吧！,0,0,0,2022-07-30 15:06:57,来自安徽,68233600644,淡然240255819
7126071418714456865,这话没毛病 我养一个都是全家老少在忙活 他一个5千元想养四个 自找的不同情,0,7,0,2022-07-30 15:58:38,来自甘肃,52260747063,古月Hj
7126067620356506372,如果可以重来，我绝对不会估婚生小孩，经历过了太多的现实，真的养不起,0,0,0,2022-07-30 15:43:25,来自广西,96833797978,梦醒以后qin
7126116904019772174,老王有一个公司，老张是老王公司的员工，老王负责指挥 老张负责干活。现在老王给老张说 我想把公司传给我儿子，只要他不乱搞，传个几代没问题。老张你多生几个 咱们把公司做大做强。那么问题来了，请问老张儿子哪天被辞退了，会不会影响老王公司。,0,0,0,2022-07-30 18:54:26,来自陕西,84443969355,上进的橘子K
7126225837586154271,苦难有无数个？！贫穷之人你能撑过几个苦难？！,0,1,0,2022-07-31 02:03:38,来自江苏,3712372439260920,李11111111111天
7125708044385927947,养不起就别生，这句话很好，没毛病,0,13,0,2022-07-29 16:28:16,来自广东,108320226488,609龙鱼
7126168449206240032,为什么生那么多呢？怎么想的，当下的社会状况能生吗？一个孩子就足以累断筋骨了。,1,73,2,2022-07-30 22:14:48,来自安徽,135955904736238,纪标书法技法讲堂
7125969001259664143,养不起就别生，听着有点像过不去就别活，这话也对也不对，对的事顺其自然怀孕了就生，不对的是要有计划的生育，再一个是要有责任，既然生了就要对他负责任，,0,14,0,2022-07-30 09:20:12,来自云南,51825655943,坦荡马保明
7126052654933377830,我相信大部分老百姓认同养不起就别生。起码是养不起就别生这么多。大人苦孩子也苦。做圣母很容易，讲真话还不爱听,0,1,0,2022-07-30 14:45:44,来自安徽,96104842517,壮壮6958
7126058914462106368,穷有穷养富有富养，你还为儿女以后打基础，这是好多人思维模式，把它们养大成人就足以了，还管子子孙孙呀。,0,0,0,2022-07-30 15:09:07,来自辽宁,98982986931,好学芒果Rw
7126074374511608613,要给孩子一个好的教育环境不是很关键嘛，孩子不只是吃饭而已，长大成人要融入社会的。让社会共同成担也不现实，社会共同承担不相当于国家抚养吗！,0,0,0,2022-07-30 16:09:33,,53145597623,遂意8
7126200783825077030,现实生活中能不让人感觉如此吗？同样的孩子生长在两个不同家庭，过着天壤之别的生活能不让人感叹吗？,0,0,0,2022-07-31 00:21:36,来自北京,6805402970,极客橘子2S
7126167664204661539,生两个不好吗？生了四个又养不起是在害孩子。,0,0,0,2022-07-30 22:11:00,来自四川,103962512075,付相廷
7126072728792072997,指责不如助人？哪里来的底气？他的孩子难道让其他人养着？,0,1,0,2022-07-30 16:02:53,来自重庆,5829740305,十八云吞
7126075059529663273,本来就是养不起还生啥？没点数吗？,0,2,0,2022-07-30 16:11:55,来自山东,104964487705,敏锐沙滩fz
7126132566109192963,自已的家底自已明，量力而行国家放开三胎，并不一定是针对的，穷人养不起，而中国并非都穷，还不少官家，资本家，富人们，不四个能养，十个也没问题。,0,0,0,2022-07-30 19:55:32,来自重庆,98070925299,喜乐人生843
7126058993969103650,大家指责错了么？养不起不要生或者少生有哪里不对了？他生的时候不要我帮，现在养不起要我助？,0,1,0,2022-07-30 15:09:16,来自云南,6979569519,邋遢叔1
7126070597590811423,养不起就别生说的没错 苦孩子苦自己 最后能得到什么呢,0,0,0,2022-07-30 15:54:40,来自浙江,4270536467,落花流水-36976363
7126116388875272995,社会环境不允许生，那怕是在上海月入2万，如果没有父母支持，还得买房，敢生吗?,0,1,0,2022-07-30 18:51:57,来自吉林,5461513653,上好下甚1
7126310001136042766,5000可以了，我邻居一个人上班5个人吃饭，还不算双方父母，媳妇带也没有工作还租房又是学费，本来自己没有结婚还🈶保险现在连农村医疗都交不起。,0,0,0,2022-07-31 07:24:20,来自四川,100365152612,潇洒流浪街头
7126225730153153317,苦难有无数个！贫穷之人你能撑过几个苦难？！,0,1,0,2022-07-31 02:02:44,来自江苏,3712372439260920,李11111111111天
7126174598118703876,有一篇文章写的好说＂两种人想多生：一是有钱人，二是穷人＂我赞同,0,0,0,2022-07-30 22:38:45,来自福建,2164303657972480,缤纷露珠8T
7126083080653357865,什么冷漠指责，正是因为没人指责导致这种人做事不负责任，为什么要帮他？自己要生的要别人帮？,0,1,0,2022-07-30 16:42:52,来自上海,110076895555,正义凛然枫叶3W
7126067324687450919,别气馁 ，学学老辈人，生多个孩子只不过多一勺水的事就能养活[笑哭],0,3,0,2022-07-30 15:42:24,来自广东,61938363837,罕将春秋
7126277216119374627,这年头、生活真的难。,1,5,0,2022-07-31 05:17:42,来自广西,84436143277,梁少723
7126067425468384030,我还是赞同国家的计划生育只生一胎的政策[祈祷],0,2,0,2022-07-30 15:42:40,来自广东,6753344733,灿烂百灵鸟wj
7126142783341396747,如果是四胞胎，相信大家都会理解的！,0,1,0,2022-07-30 20:34:56,来自山西,93145233799,善待自己不做祥林嫂
7126068243941049124,“养不起就别生”，隐含的另一重逻辑是“养得起就可以随便生”。这是严重的逻辑错误，原命题正确不代表否命题正确，正确的逻辑是“随便生的都是养的起的”，即逆否命题正确,0,0,0,2022-07-30 15:45:55,来自河北,73841127989,Viruses.1
7126219021078905635,如果人都走了。违不违法没多大意义。作为男人慨然生了他们，在苦在难都要坚强。才能算男子汉。,0,0,0,2022-07-31 01:34:05,来自贵州,110296971474,元气雪梨A
7126043871133778700,他需要多一份工作，作为父亲的尊严。,0,0,0,2022-07-30 14:11:23,来自广东,60011314804,随性自由的铅笔0
7126088367955690276,实际上也是，养不起还生那么多，这不就是找罪受,0,1,0,2022-07-30 17:03:58,来自广东,61938950790,冷太阳637
7126303330347385613,最不该体验贫苦的是孩子———民族的未来,0,1,1,2022-07-31 06:58:36,来自江苏,20787726418,清闲的光束vK
7126139131503330059,作者的思维，思想品德，可以写进教科书里面！做人，要会做人，会做事，会说话，要有积极向上的做人的人生关！,0,0,0,2022-07-30 20:20:47,来自四川,50665639933,德贵34
7126067235848323875,这句话没说错！！！这算被人骂~我还是要说~都求人还说没错！既然媒体这么正能量！孩子你养就是~,0,1,0,2022-07-30 15:41:26,来自广东,6695100362,空虚一世
7126255864763204393,现实就是如此啊，养不起真别生，害孩子害自己,0,1,0,2022-07-31 03:58:53,来自上海,4265707449092048,我还能说什么嘞
7126024640631816967,怎么比那些不想生而老了以后后悔的人强,0,0,0,2022-07-30 12:56:30,来自广东,54652337332,南漂的小马哥
7126035261557211940,话不好听，但这是事实，靠别人资助，这根本不现实，这是国家的事，既然人口出现问题，抚养孩子的费用，国家承担才是长远之计,0,0,0,2022-07-30 13:37:32,来自广东,3742386716679387,奥徳修斯
7126162525460136740,养不起就别生了，这话有道理的，,0,1,0,2022-07-30 21:51:11,来自内蒙古,109556916120,五湖下金钩
7126059331338568463,养不起就别生！没毛病！做错事就要承担后果！,0,0,0,2022-07-30 15:10:50,来自江西,4463641473596556,希茜公举
7126045881538724611,养不起就别生，我也支持！,0,17,0,2022-07-30 14:19:12,来自山东,105183604981,冷色调8213
7126310438060720896,所以为何要生那么多？,0,0,0,2022-07-31 07:25:17,来自江西,1802851029091342,1802851029091342曙光
7126066697274262313,呵呵，真的是养不起生那么多干嘛呢,0,1,0,2022-07-30 15:39:13,来自内蒙古,1772021100849108,欢呼雀跃的小明
7126310943080350505,养不起就别生”，我认为并没有隐含的另一重逻辑“养得起就可以随便生”,0,0,0,2022-07-31 07:27:18,来自山东,101991564322,安晨
7126045951638291236,本来5000块钱可以养得起的，怎知现在要50000才养得起了,0,1,0,2022-07-30 14:19:08,来自广东,4362482781005016,BYT印刷包装
7126197529217237764,职责不如助人？谁发的文章谁助，广大网友监督。,0,0,0,2022-07-31 00:09:07,来自黑龙江,3861101715391788,敢怒不敢言吖
7126075732841366304,记得70年代我爸爸一个月几块钱，我妈务农养活我们兄妹四个,0,0,0,2022-07-30 16:15:22,来自江苏,54985453761,疫苗与再障的偶合
7126074097473389353,这种不幸归根结底是钱的问题。至少有了钱，不开心也不至于轻生吧。,0,0,0,2022-07-30 16:07:53,来自广东,1126335537233486,司书藤香
7126063849895592738,“养不起就别生”是对自己对后代最大的负责，虽然很冷血但却很现实！,0,0,0,2022-07-30 15:28:16,来自吉林,3584013721146094,无语独对夕阳
7126151456012550942,多兼职就可以多赚钱,0,0,0,2022-07-30 21:08:10,来自重庆,1270688941619859,外向微风R
7126067796643283749,养不起就别生，我亲戚就是这样收入不够 靠亲戚靠父母，没精力靠父母。养个孩子啃老 也降低了父母生活质量,0,0,0,2022-07-30 15:44:04,来自浙江,86366341632,....
7126054633142895363,生出来一家受苦.何苦！,0,0,0,2022-07-30 14:53:14,来自广东,108263252329,要想心情好食物来调理
7126141159873184544,如果他是一胎四胞，没人能指责他，如果不是，那么凭什么不让别人说养不起别生？,0,1,0,2022-07-30 20:28:51,来自北京,6372587870,飞翔的熊猫86632852
7126295530133275422,五六十年代，月入五十养四个孩子很正常，现在月入五千养不起四个孩子，说明主要是钱贬的太多了，当然还有其他原因。,0,0,0,2022-07-31 06:28:56,来自山东,3060641569717309,天海间海天
7126088569394823936,我和老婆月入五万都不敢生，结婚十几年了，真的是穷的没底气生，因为生不仅是生，最大的压力是养育，而且是高质量的养育，所以我们大概率要丁克了[捂脸],0,1,0,2022-07-30 17:03:59,来自江苏,60596558215,浦东户外
7126099777200112399,既然生龙活虎“办事”生下来，那就拼命努力去养好他们吧！自己选择的生活，就要承担抚养的义务！,0,0,0,2022-07-30 17:47:22,来自北京,111025789217,云海天空一号
7126140643109634847,要是有稳定的月入8万阔以生，四个也不怕[抠鼻],0,2,0,2022-07-30 20:26:16,来自北京,84999812695,风铃铃铃铃铃铃铃
7126212669773726476,我感觉养不起就别生没错啊？为啥这会被指责，,0,0,0,2022-07-31 01:09:38,来自辽宁,57013572676,别闹合计事呢
7126095164556870412,生孩子首先要考虑经济承受能力，养不起就别生，也是句实话,0,1,0,2022-07-30 17:30:37,来自广东,836107191989319,5渔舟唱晚
7126297338188284684,这种事，有仁爱之心的人安慰与邦肋下，政府应对多孩家庭進行立法以予邦助。不是提倡多生一个嗎？,1,2,1,2022-07-31 06:36:06,来自江苏,2963907172636132,望世平
7126063177460318990,怎么助？难道捐款给他吗？救得了一时，救不了一世,0,0,0,2022-07-30 15:26:01,来自广东,50648229033,一只大落落鸭
7125710648339776291,我也想知道他为啥能生四个，如果是四胞胎那当我没说,0,9,0,2022-07-29 16:37:31,来自山东,85058711106,一颗会发光的核桃
7126064259700179727,不经他人苦，莫把自己标准贴上，5000元养四个孩子，钱够吗？,0,0,0,2022-07-30 15:29:51,来自广东,53457697549,SummyChen
7126055761075405568,这就是当今社会的现实情况,0,0,0,2022-07-30 14:56:55,来自陕西,2920762605307760,奋发有为海洋K
7126075275145970432,每一个孩子本应该得到的良好的教育和生活被平摊到稀薄不堪。他这么做对孩子公平吗？控制繁殖欲望这么难吗？难道是打算让社会养？,0,0,0,2022-07-30 16:12:29,来自安徽,4274273639,非而123456789
7126065649109091087,穷不过三代，上两辈不行，下辈人也许改变穷人的命运,0,1,1,2022-07-30 15:35:13,来自山东,6112596029,想起个名不易
7126057954029290281,条件不好至少要少生啊,0,1,0,2022-07-30 15:05:22,来自黑龙江,100278347761,金夕703
7126297873280500519,个个都这样生4.5个孩子说养不起，等别人帮助，还有帮助的人存在吗？,0,0,0,2022-07-31 06:37:45,来自江苏,3087904364042199,随安
7126172198624346919,其实都是攀比心理作祟，，总想着给小孩最好的东西，不能比别家的小孩过得差,0,0,0,2022-07-30 22:29:18,来自广东,2762399963940043,小花楼
7126171496116028201,这和钱赚的不多，非要买奢侈品一个道理，,0,1,0,2022-07-30 22:25:46,来自上海,1161512807830952,文艺冀州3x
7126281605047960323,5000块的月薪，我觉得生一个娃娃都是让他受苦造孽[捂脸][捂脸],0,0,0,2022-07-31 05:37:13,来自重庆,2911153052194035,爱我的我不负
7126311158613099264,我觉得说的没错，笔者不要扣大帽子。,0,0,0,2022-07-31 07:28:11,来自北京,6393953780,上进香瓜m6
7126048256450790184,清楚自己的条件，为什么要不停的生？,0,1,0,2022-07-30 14:27:52,来自湖北,3228614228444184,活着不易笑看当下
7126082841804342020,这就冷漠？这应该是世态！,0,0,0,2022-07-30 16:42:25,来自广东,110273373147,fashionclae
7126076980575585024,每个人的生活方式不同而已，在农村一个月5000，养 4个孩子不是问题，再说了现在9年义务教育都是免费的。三餐和教育没问题，其他的都可以节俭一些。我看这个人只是心理有问题而已。,0,0,0,2022-07-30 16:19:17,来自广东,2453724029533005,耘艺斋工作室
7126063553798406915,可能先生一胎，再想生就是后生三胞胎,0,0,0,2022-07-30 15:27:44,来自四川,108592773594,涨声响起来了
7126308147525845774,养孩子成本很高，国家没有补贴的情况下，请量力而行,0,0,0,2022-07-31 07:16:53,来自上海,3692957606,啊航航航航航
7126197536117457698,我夫妻二人年收入50万，养一个孩子都生活品质都够呛，何况大部分底层人民,0,0,0,2022-07-31 00:08:04,来自安徽,85654883504,夜尽天明
7126073219957736231,红星新闻最近很活跃啊，希望红星新闻能帮助他们养孩子，起到一个好的舆论导向作用，[赞][赞][赞],0,1,0,2022-07-30 16:05:12,来自安徽,85708883149,问道长生殿
7126061625127944990,说的对。养不起就别生。多简单的道理,0,1,0,2022-07-30 15:20:21,来自甘肃,4410830210736141,用户旧船票123
7126057118494425893,养不起别生这句话、不觉得有什么错啊！实在话.实际话。不是吗,0,1,0,2022-07-30 15:02:29,来自广东,6682837778,风雨104814398
7126055722928472873,养不起就别生，这从来都不是理由，因为这就是真理。,0,2,0,2022-07-30 14:56:46,来自山东,105036628021,聪颖生活家A
7126293926369608463,莆田那边重男轻女思想非常严重，四个孩子估计三女一男，自己何必为难自己。,1,2,0,2022-07-31 06:21:47,来自浙江,804467849836861,火腿面膜
7126261515124081415,点赞作者正能量，知屋漏者在宇下,0,3,1,2022-07-31 04:22:35,来自山西,5471600498,华夏民意网
7126071283255001871,我咋觉得是生的人自己在践踏自己的尊严呢,0,1,0,2022-07-30 15:57:02,来自江苏,52494303801,秋晓香
7126056893985964836,养不起还让人生，又该怎么评价呢？,0,0,0,2022-07-30 15:01:34,来自吉林,99859756711,卡布奇诺51786
7126083080653243177,我觉得说得对啊，往往是穷人生的多，富人一般少生。你穷人不生多了，富人会着急的，你看谁怕谁？,0,0,0,2022-07-30 16:42:50,来自广东,70948689579,东方阳光007
7126089737152414498,做什么都得量力而行,0,0,0,2022-07-30 17:08:38,来自江苏,2959507285620467,好吃不胖滴yoyo
7126310391717970719,这位父亲再坚强一点，砸锅卖铁撑过了艰苦岁月便是幸福生活，何况现在不是50年前，当孩子长大成家立业你就是最伟大幸福的那个人。,0,0,0,2022-07-31 07:25:47,来自甘肃,95904903608,市井渡人
7126109382978634507,你去帮吧，听他说谢谢你啊,0,1,0,2022-07-30 18:25:28,来自辽宁,7020332880,yoyo0403
7126057201772806948,5000元应该差不多了，一天150元还多一点。可以这样计划：一个月大米两袋200元（一袋10公斤装，优质米），5升装两桶油150元，肉食每天一公斤60元，30天1800元，还有两千多元的素菜钱。紧日子紧过，应该够了。至于孩子上学，九年制是义务教育，是免费的。,0,0,0,2022-07-30 15:03:06,来自云南,58340004554,活泼艺术家2H
7126079419793539855,为啥要生这么多？就生一个不行吗？,0,1,0,2022-07-30 16:28:36,来自湖南,3619534788,一个莫得感情叻杀手
7126068087086367503,养不起就不要生，对呀！没说错呀！,0,1,0,2022-07-30 15:44:53,来自广东,68359314205,梦233260871
7126072796576564007,生的时候不计后果，养不了了就一哭二闹妄图把自己责任转嫁给社会，这种人我们凭什么为他们买单？,0,7,0,2022-07-30 16:03:44,来自河南,918827713173372,躺平赚钱的我
7126109098743218956,你能帮多久？,0,0,0,2022-07-30 18:24:35,来自福建,2889934073759059,哲哲
7126055931246773031,这并不是冷漠，是提醒你要为自己的行为后果负责！,0,1,0,2022-07-30 14:58:24,来自河南,3310977783,东升SUNNY
7126212094936138535,养不起就是量力而行，这与生育权没任何关系; 以现在平均养育成本来看，5000块钱养一个孩子也有点紧张，何况是四个;,0,0,0,2022-07-31 01:08:04,来自广东,4108206794606284,勇敢的辰星CT
7126074006675178277,表示不同情那些明明知道自己是什么情况，还要那么多孩子的,0,1,0,2022-07-30 16:08:04,来自广东,25988573700291,嘻嘻Miao
7126072430758150912,把生我的孝敬送走，把我生的平安带大，余生不留遗憾过好自己的每一天。,0,0,0,2022-07-30 16:01:40,来自江苏,108893862224,有的人一别一辈子
7126067406220854050,生孩子还真得要凭自己的经济能力来定,0,0,0,2022-07-30 15:42:01,来自江苏,1666458717789975,用户将就点
7126069566702535455,现在这个社会如果只是把孩子养活，月薪5千也能做到，但要想把孩子养好，月薪5万也不够,0,0,0,2022-07-30 15:51:00,来自四川,107780980467,木子撩车
7126123997166601000,养不起就生难道就是对国家和子女负责吗？别人资助能长远吗？,0,0,0,2022-07-30 19:21:28,来自山东,1574113163091735,有趣的沙滩dh
7126059477254259489,养不起就别生！养不起就别生！养不起就别生！帮助他们无疑是对善良的曲解，更是在助长不负责任的人不负责任！,0,1,0,2022-07-30 15:12:16,来自河南,105804713362,用情深耕
7126017772161254178,评论没毛病，没钱就是不适合养这么多娃，5000工资养一个都算不错了,0,1,0,2022-07-30 12:29:27,来自广东,580179810854296,一招半式闯天涯2020
7126066140228387595,生孩子国家应给予补贴,0,0,1,2022-07-30 15:37:47,来自江苏,4234932380514459,秋枫8505
7126291205990236969,一般家庭最多俩个孩子！,0,0,0,2022-07-31 06:11:30,来自江苏,52401517050,红苹果2003
7126067624756675368,本来就是，月薪5000干嘛养四个？难道只要自己愿意生七八十来个？然后说求助撑过苦难？,0,1,0,2022-07-30 15:42:57,来自浙江,6092662050,精制纯粮酒匠求涨粉
7126107909037458217,在目前的生育政策下，的确养不起别生。。。这不是鄙视或者嘲讽，而是现实的无奈！,0,1,0,2022-07-30 18:19:15,来自上海,53204028192,一刀地佛
7126089334524674851,可能是四胞胎吧！,0,0,0,2022-07-30 17:07:14,来自福建,96849160682,游泳的鱼772
7126199190891463439,换一句话，既然生了就更要努力负责，把4个孩子好好抚养教育成人，晚年就会比别人更加幸福。,1,5,1,2022-07-31 00:14:17,来自江苏,1323450259474019,63773773747
7126307610072007457,“养不起别生”是一种负责的态度，虽然这话听起来不舒服 。如果你不能给孩子好的生活，就不要让他来世间受罪。,0,0,0,2022-07-31 07:15:21,来自山东,6693668356,喷天下
7126230250287170335,你知不知道幼儿园！一个孩子一学期多少钱？！幼儿园一年两个学期！一个孩子需要上3年幼儿园！幼儿园一个孩子一学期少则几千多则几万！你自己算4个孩子多少钱？！,0,1,0,2022-07-31 02:20:37,来自江苏,3712372439260920,李11111111111天
7126171637556544293,少生优生幸福一生。,0,2,0,2022-07-30 22:26:49,来自广东,5476102928,医疗手术落后了
7126188337513300774,家有一碗米，不煮两锅饭。这是常识，如果硬煮，那就要想办法去找粮食，而不是哭嚎！,1,17,1,2022-07-30 23:32:43,来自广西,5891690436,可靠海浪ZwI
7126061640059339527,一个月这么辛苦才几千块钱，不想孩子以后也要做牛做马,0,0,0,2022-07-30 15:20:13,来自江苏,99195176891,凤舞2021
7126289481333736228,生四个孩子，这人真是…,0,0,0,2022-07-31 06:05:03,来自江苏,105163006768,爱生活的饺子ru
7126177653728084748,如果自己都过🉐不如意，何苦把孩子带到这世上受罪！,0,0,0,2022-07-30 22:51:02,来自四川,71754567587,思1230373197
7126072930580087563,生的时候不计后果，养不了了就一哭二闹妄图把自己责任转嫁给社会，这种人我们凭什么为他们买单？,0,1,0,2022-07-30 16:04:09,来自河南,918827713173372,躺平赚钱的我
7126233781220573956,养孩儿有风险，生孩儿需谨慎,1,11,0,2022-07-31 02:40:01,来自山东,2897900793247096,铲工1
7126078545025549064,现在苦点，就吃苦吧！老了儿孙满堂多好！[憨笑],0,0,0,2022-07-30 16:25:45,来自陕西,1129937952319283,夏至622
7126124177178116905,养不起是别生啊,0,1,0,2022-07-30 19:22:17,来自重庆,4750703013,LL48184675
7126055776782811944,应该前面三个是女儿，第四个儿子，万一不是儿子估计的生5个6个8个,0,0,0,2022-07-30 14:56:46,来自江苏,61743151951,晨曦之光823
7126139600741335815,我也是这个观点，养不起就别生，生多少个要看自己的能力，我自己一儿一女已心满已足，不再生了。,0,1,0,2022-07-30 20:22:24,来自广东,16634232010,标124234520
7126058822917374728,养不起就别生不是指责是建议好吧,0,0,0,2022-07-30 15:09:09,来自湖南,61865046396,天蝎座的猫了个咪
7126058923127800591,养不起就别生，是实话也是事实。,0,1,0,2022-07-30 15:09:13,来自河南,1864369687236317,自强不息蜻蜓iL
7125709038507754252,养不起别生这话有什么不对的，做不到就不要做啊，没人逼着他做[抠鼻],0,11,0,2022-07-29 16:32:23,来自山东,6770902575,暂留人间独揽星辰
7126268275536806686,男儿有泪不轻弹，坚持下去，国家和人民不会忘记对社会作出贡献之人的,0,0,0,2022-07-31 04:46:08,来自广西,3847927455825197,爱生活的轮船qr
7126027010203550476,“养不起就别生”，这话一点儿毛病都没有啊！,0,15,0,2022-07-30 13:06:00,来自海南,5609927945,快乐老聂1949
7126028207614477071,一个月9k养一个孩子还挺吃力的。,0,0,0,2022-07-30 13:09:47,来自黑龙江,5411655144,黑龙江边挖石头
7126302141236691715,随着中国老龄化的进一步加剧，生小孩也是为国家作贡献。估计国家很快就会出台政策，予以补贴，而且会逐渐提高标准。,1,2,1,2022-07-31 06:54:27,来自湖北,2566867936,采桑田园
7126049023601230629,黄教授支助了什么吗？,0,5,0,2022-07-30 14:31:05,来自广西,4476818351462861,未得知
7126219022869938978,养不起是真别生,0,0,0,2022-07-31 01:34:00,来自湖南,4147002327442478,所谓无底深渊
7126051585096303368,养不起就别生，没毛病,0,9,0,2022-07-30 14:41:07,来自河南,3773166940853534,飞驰的大马猴
7126082669804438312,不能对家庭不负责任，也不能对社会不负责任,0,1,0,2022-07-30 16:41:11,来自江苏,69174978361,唐朝兄弟4
7126306921673802496,如果有这种权利，人民永远都爱你,1,1,0,2022-07-31 07:11:51,来自广东,62830361440,乖巧橘子Wk
7126122876205728548,人家一万块钱一个月都只敢生一两个，别人没有义务帮他养孩子,0,1,0,2022-07-30 19:17:42,来自广东,9115816422,9115816422
7126111470919910181,不要乱坐孩子，是对孩子负责！,0,0,0,2022-07-30 18:33:29,来自重庆,55096366057,安妮莲心
7126067387153154849,确实生多了点。,0,0,0,2022-07-30 15:42:37,来自湖南,94100340012,大宋提刑官
7126076334878786304,让别人助人，不如自己助人,0,0,0,2022-07-30 16:16:38,来自四川,103204076989,坏球老狐
7126143283184599815,现在提倡生三胎，四个也不算多，会读书的多读点，不会读的念初中就行了。现在很多大学生都难找工作。念普通大学没用。现在无论如何饿不死，冻不死，过几年长大了。就幸福了。现在紧点。亨福在后。加油！,0,0,0,2022-07-30 20:36:28,来自海南,4353664872096734,一旁去
7126092659282101033,养不起，就别生，没错呀？许多年轻人都不恋爱，不结婚了，错了吗？,0,3,0,2022-07-30 17:20:03,来自辽宁,686569046675579,博学多才的青山3Z
7126063027379929871,支持 网友 说的对 这是中国的现状 企业家说员工 能干就干不干就走 领导说下属 能干吗 不能干下去 当从来不说自己 不能干下去,0,0,0,2022-07-30 15:25:05,来自辽宁,6250525732,竹子83487742
7126075016504640256,我只想明白一点，他是抱着什么心态来生四个的？四胞胎？非要男娃？还是别的什么理由？搞懂这个才决定喷不喷他。,0,1,0,2022-07-30 16:11:40,来自广东,111462850425,天下有常
7126098765794329385,朋友你有4个孩子，有没有发款啊，你太幸运了，有人才是资本，你比有些人都强，有人才是最大的财富。朋友恭喜你。,0,0,0,2022-07-30 17:43:41,来自云南,1837979391501167,淡定饺子kr
7126059331337896719,成年人应该为自己的行为负责，如果说第一个第二个孩子是能够负担起而生，那么之后的两个完全是不负责任的，后悔没用，努力挣钱养家吧。,0,2,0,2022-07-30 15:10:34,来自河南,563414933701527,大路替天行道
7126060836241933089,我是支持养不起就别生的，别给别人添负担,0,1,0,2022-07-30 15:17:10,来自江西,1543312084305095,红色大公鸡
7126071660846809895,这话没毛病 我养一个都是全家老少在忙活 他一个5千元想养四个 自找的不同情,0,2,0,2022-07-30 15:59:09,来自甘肃,52260747063,古月Hj
7126252308870038311,零零后说不买房，不买车，不结婚，不生娃，生活才乐！,0,1,0,2022-07-31 03:50:57,来自湖南,2296217979338612,无双面条SM
7126202968478679840,说的对，养不起，教不起就别生了！自己这辈子活好些就不易了,0,0,0,2022-07-31 00:30:26,来自辽宁,99892463948,三脚笨虎
7126285143282631439,"看到了，今天的家庭，面对自己的几个娃娃，好无奈；
而在被现在有些人批的，怼的那个年代，许多的小家庭里 ，面对那么艰苦的条件，却能把自己家的三个五个孩子抚养成人。",0,0,0,2022-07-31 05:47:48,来自四川,102879933428,明天8706
7126014034826167075,接受现实，勇于承担,0,0,0,2022-07-30 12:14:37,来自广东,100808472148788,实名
7126076695354147623,生四个孩子，是现代人干的事吗？普通人生一个都难！,0,1,0,2022-07-30 16:18:48,来自湖南,67962215179,明月照江东大地
7126066707596509955,凭啥要祝，本来就应该想清楚再生孩子,0,1,0,2022-07-30 15:40:03,来自陕西,6836628708,百汇小唱
